state,facilities-comm,facilities-ag,workers-comm,workers-ag,insp-state-2011,insp-tribe-2011,insp-epa-2011,viol_retaliation-state-2011,viol_retaliation-tribe-2011,viol_retaliation-epa-2011,viol_information-state-2011,viol_information-tribe-2011,viol_information-epa-2011,viol_emergency-state-2011,viol_emergency-tribe-2011,viol_emergency-epa-2011,viol_decon-state-2011,viol_decon-tribe-2011,viol_decon-epa-2011,viol_mix-state-2011,viol_mix-tribe-2011,viol_mix-epa-2011,viol_ppe-state-2011,viol_ppe-tribe-2011,viol_ppe-epa-2011,viol_entry-state-2011,viol_entry-tribe-2011,viol_entry-epa-2011,viol_notice-state-2011,viol_notice-tribe-2011,viol_notice-epa-2011,viol_central-state-2011,viol_central-tribe-2011,viol_central-epa-2011,viol_safety-state-2011,viol_safety-tribe-2011,viol_safety-epa-2011,enf_warnings-state-2011,enf_warnings-tribe-2011,enf_warnings-epa-2011,enf_admincivil-state-2011,enf_admincivil-tribe-2011,enf_admincivil-epa-2011,enf_sentepa-state-2011,enf_sentepa-tribe-2011,enf_sentepa-epa-2011,enf_addl-state-2011,enf_addl-tribe-2011,enf_addl-epa-2011,enf_stopsale-state-2011,enf_stopsale-tribe-2011,enf_stopsale-epa-2011,enf_fines-state-2011,enf_fines-tribe-2011,enf_fines-epa-2011,insp-state-2012,insp-tribe-2012,insp-epa-2012,viol_retaliation-state-2012,viol_retaliation-tribe-2012,viol_retaliation-epa-2012,viol_information-state-2012,viol_information-tribe-2012,viol_information-epa-2012,viol_emergency-state-2012,viol_emergency-tribe-2012,viol_emergency-epa-2012,viol_decon-state-2012,viol_decon-tribe-2012,viol_decon-epa-2012,viol_mix-state-2012,viol_mix-tribe-2012,viol_mix-epa-2012,viol_ppe-state-2012,viol_ppe-tribe-2012,viol_ppe-epa-2012,viol_entry-state-2012,viol_entry-tribe-2012,viol_entry-epa-2012,viol_notice-state-2012,viol_notice-tribe-2012,viol_notice-epa-2012,viol_central-state-2012,viol_central-tribe-2012,viol_central-epa-2012,viol_safety-state-2012,viol_safety-tribe-2012,viol_safety-epa-2012,enf_warnings-state-2012,enf_warnings-tribe-2012,enf_warnings-epa-2012,enf_admincivil-state-2012,enf_admincivil-tribe-2012,enf_admincivil-epa-2012,enf_sentepa-state-2012,enf_sentepa-tribe-2012,enf_sentepa-epa-2012,enf_addl-state-2012,enf_addl-tribe-2012,enf_addl-epa-2012,enf_stopsale-state-2012,enf_stopsale-tribe-2012,enf_stopsale-epa-2012,enf_fines-state-2012,enf_fines-tribe-2012,enf_fines-epa-2012,insp-state-2013,insp-tribe-2013,insp-epa-2013,viol_retaliation-state-2013,viol_retaliation-tribe-2013,viol_retaliation-epa-2013,viol_information-state-2013,viol_information-tribe-2013,viol_information-epa-2013,viol_emergency-state-2013,viol_emergency-tribe-2013,viol_emergency-epa-2013,viol_decon-state-2013,viol_decon-tribe-2013,viol_decon-epa-2013,viol_mix-state-2013,viol_mix-tribe-2013,viol_mix-epa-2013,viol_ppe-state-2013,viol_ppe-tribe-2013,viol_ppe-epa-2013,viol_entry-state-2013,viol_entry-tribe-2013,viol_entry-epa-2013,viol_notice-state-2013,viol_notice-tribe-2013,viol_notice-epa-2013,viol_central-state-2013,viol_central-tribe-2013,viol_central-epa-2013,viol_safety-state-2013,viol_safety-tribe-2013,viol_safety-epa-2013,enf_warnings-state-2013,enf_warnings-tribe-2013,enf_warnings-epa-2013,enf_admincivil-state-2013,enf_admincivil-tribe-2013,enf_admincivil-epa-2013,enf_sentepa-state-2013,enf_sentepa-tribe-2013,enf_sentepa-epa-2013,enf_addl-state-2013,enf_addl-tribe-2013,enf_addl-epa-2013,enf_stopsale-state-2013,enf_stopsale-tribe-2013,enf_stopsale-epa-2013,enf_fines-state-2013,enf_fines-tribe-2013,enf_fines-epa-2013,insp-state-2014,insp-tribe-2014,insp-epa-2014,viol_retaliation-state-2014,viol_retaliation-tribe-2014,viol_retaliation-epa-2014,viol_information-state-2014,viol_information-tribe-2014,viol_information-epa-2014,viol_emergency-state-2014,viol_emergency-tribe-2014,viol_emergency-epa-2014,viol_decon-state-2014,viol_decon-tribe-2014,viol_decon-epa-2014,viol_mix-state-2014,viol_mix-tribe-2014,viol_mix-epa-2014,viol_ppe-state-2014,viol_ppe-tribe-2014,viol_ppe-epa-2014,viol_entry-state-2014,viol_entry-tribe-2014,viol_entry-epa-2014,viol_notice-state-2014,viol_notice-tribe-2014,viol_notice-epa-2014,viol_central-state-2014,viol_central-tribe-2014,viol_central-epa-2014,viol_safety-state-2014,viol_safety-tribe-2014,viol_safety-epa-2014,enf_warnings-state-2014,enf_warnings-tribe-2014,enf_warnings-epa-2014,enf_admincivil-state-2014,enf_admincivil-tribe-2014,enf_admincivil-epa-2014,enf_sentepa-state-2014,enf_sentepa-tribe-2014,enf_sentepa-epa-2014,enf_addl-state-2014,enf_addl-tribe-2014,enf_addl-epa-2014,enf_stopsale-state-2014,enf_stopsale-tribe-2014,enf_stopsale-epa-2014,enf_fines-state-2014,enf_fines-tribe-2014,enf_fines-epa-2014,insp-state-2015,insp-tribe-2015,insp-epa-2015,viol_retaliation-state-2015,viol_retaliation-tribe-2015,viol_retaliation-epa-2015,viol_information-state-2015,viol_information-tribe-2015,viol_information-epa-2015,viol_emergency-state-2015,viol_emergency-tribe-2015,viol_emergency-epa-2015,viol_decon-state-2015,viol_decon-tribe-2015,viol_decon-epa-2015,viol_mix-state-2015,viol_mix-tribe-2015,viol_mix-epa-2015,viol_ppe-state-2015,viol_ppe-tribe-2015,viol_ppe-epa-2015,viol_entry-state-2015,viol_entry-tribe-2015,viol_entry-epa-2015,viol_notice-state-2015,viol_notice-tribe-2015,viol_notice-epa-2015,viol_central-state-2015,viol_central-tribe-2015,viol_central-epa-2015,viol_safety-state-2015,viol_safety-tribe-2015,viol_safety-epa-2015,enf_warnings-state-2015,enf_warnings-tribe-2015,enf_warnings-epa-2015,enf_admincivil-state-2015,enf_admincivil-tribe-2015,enf_admincivil-epa-2015,enf_sentepa-state-2015,enf_sentepa-tribe-2015,enf_sentepa-epa-2015,enf_addl-state-2015,enf_addl-tribe-2015,enf_addl-epa-2015,enf_stopsale-state-2015,enf_stopsale-tribe-2015,enf_stopsale-epa-2015,enf_fines-state-2015,enf_fines-tribe-2015,enf_fines-epa-2015,insp-state-2016,insp-tribe-2016,insp-epa-2016,viol_retaliation-state-2016,viol_retaliation-tribe-2016,viol_retaliation-epa-2016,viol_information-state-2016,viol_information-tribe-2016,viol_information-epa-2016,viol_emergency-state-2016,viol_emergency-tribe-2016,viol_emergency-epa-2016,viol_decon-state-2016,viol_decon-tribe-2016,viol_decon-epa-2016,viol_mix-state-2016,viol_mix-tribe-2016,viol_mix-epa-2016,viol_ppe-state-2016,viol_ppe-tribe-2016,viol_ppe-epa-2016,viol_entry-state-2016,viol_entry-tribe-2016,viol_entry-epa-2016,viol_notice-state-2016,viol_notice-tribe-2016,viol_notice-epa-2016,viol_central-state-2016,viol_central-tribe-2016,viol_central-epa-2016,viol_safety-state-2016,viol_safety-tribe-2016,viol_safety-epa-2016,enf_warnings-state-2016,enf_warnings-tribe-2016,enf_warnings-epa-2016,enf_admincivil-state-2016,enf_admincivil-tribe-2016,enf_admincivil-epa-2016,enf_sentepa-state-2016,enf_sentepa-tribe-2016,enf_sentepa-epa-2016,enf_addl-state-2016,enf_addl-tribe-2016,enf_addl-epa-2016,enf_stopsale-state-2016,enf_stopsale-tribe-2016,enf_stopsale-epa-2016,enf_fines-state-2016,enf_fines-tribe-2016,enf_fines-epa-2016,insp-state-2017,insp-tribe-2017,insp-epa-2017,viol_retaliation-state-2017,viol_retaliation-tribe-2017,viol_retaliation-epa-2017,viol_information-state-2017,viol_information-tribe-2017,viol_information-epa-2017,viol_emergency-state-2017,viol_emergency-tribe-2017,viol_emergency-epa-2017,viol_decon-state-2017,viol_decon-tribe-2017,viol_decon-epa-2017,viol_mix-state-2017,viol_mix-tribe-2017,viol_mix-epa-2017,viol_ppe-state-2017,viol_ppe-tribe-2017,viol_ppe-epa-2017,viol_entry-state-2017,viol_entry-tribe-2017,viol_entry-epa-2017,viol_notice-state-2017,viol_notice-tribe-2017,viol_notice-epa-2017,viol_central-state-2017,viol_central-tribe-2017,viol_central-epa-2017,viol_safety-state-2017,viol_safety-tribe-2017,viol_safety-epa-2017,enf_warnings-state-2017,enf_warnings-tribe-2017,enf_warnings-epa-2017,enf_admincivil-state-2017,enf_admincivil-tribe-2017,enf_admincivil-epa-2017,enf_sentepa-state-2017,enf_sentepa-tribe-2017,enf_sentepa-epa-2017,enf_addl-state-2017,enf_addl-tribe-2017,enf_addl-epa-2017,enf_stopsale-state-2017,enf_stopsale-tribe-2017,enf_stopsale-epa-2017,enf_fines-state-2017,enf_fines-tribe-2017,enf_fines-epa-2017,insp-state-2018,insp-tribe-2018,insp-epa-2018,viol_retaliation-state-2018,viol_retaliation-tribe-2018,viol_retaliation-epa-2018,viol_information-state-2018,viol_information-tribe-2018,viol_information-epa-2018,viol_emergency-state-2018,viol_emergency-tribe-2018,viol_emergency-epa-2018,viol_decon-state-2018,viol_decon-tribe-2018,viol_decon-epa-2018,viol_mix-state-2018,viol_mix-tribe-2018,viol_mix-epa-2018,viol_ppe-state-2018,viol_ppe-tribe-2018,viol_ppe-epa-2018,viol_entry-state-2018,viol_entry-tribe-2018,viol_entry-epa-2018,viol_notice-state-2018,viol_notice-tribe-2018,viol_notice-epa-2018,viol_central-state-2018,viol_central-tribe-2018,viol_central-epa-2018,viol_safety-state-2018,viol_safety-tribe-2018,viol_safety-epa-2018,enf_warnings-state-2018,enf_warnings-tribe-2018,enf_warnings-epa-2018,enf_admincivil-state-2018,enf_admincivil-tribe-2018,enf_admincivil-epa-2018,enf_sentepa-state-2018,enf_sentepa-tribe-2018,enf_sentepa-epa-2018,enf_addl-state-2018,enf_addl-tribe-2018,enf_addl-epa-2018,enf_stopsale-state-2018,enf_stopsale-tribe-2018,enf_stopsale-epa-2018,enf_fines-state-2018,enf_fines-tribe-2018,enf_fines-epa-2018,insp-state-2019,insp-tribe-2019,insp-epa-2019,viol_retaliation-state-2019,viol_retaliation-tribe-2019,viol_retaliation-epa-2019,viol_information-state-2019,viol_information-tribe-2019,viol_information-epa-2019,viol_emergency-state-2019,viol_emergency-tribe-2019,viol_emergency-epa-2019,viol_decon-state-2019,viol_decon-tribe-2019,viol_decon-epa-2019,viol_mix-state-2019,viol_mix-tribe-2019,viol_mix-epa-2019,viol_ppe-state-2019,viol_ppe-tribe-2019,viol_ppe-epa-2019,viol_entry-state-2019,viol_entry-tribe-2019,viol_entry-epa-2019,viol_notice-state-2019,viol_notice-tribe-2019,viol_notice-epa-2019,viol_central-state-2019,viol_central-tribe-2019,viol_central-epa-2019,viol_safety-state-2019,viol_safety-tribe-2019,viol_safety-epa-2019,enf_warnings-state-2019,enf_warnings-tribe-2019,enf_warnings-epa-2019,enf_admincivil-state-2019,enf_admincivil-tribe-2019,enf_admincivil-epa-2019,enf_sentepa-state-2019,enf_sentepa-tribe-2019,enf_sentepa-epa-2019,enf_addl-state-2019,enf_addl-tribe-2019,enf_addl-epa-2019,enf_stopsale-state-2019,enf_stopsale-tribe-2019,enf_stopsale-epa-2019,enf_fines-state-2019,enf_fines-tribe-2019,enf_fines-epa-2019,insp-state-2020,insp-tribe-2020,insp-epa-2020,viol_retaliation-state-2020,viol_retaliation-tribe-2020,viol_retaliation-epa-2020,viol_information-state-2020,viol_information-tribe-2020,viol_information-epa-2020,viol_emergency-state-2020,viol_emergency-tribe-2020,viol_emergency-epa-2020,viol_decon-state-2020,viol_decon-tribe-2020,viol_decon-epa-2020,viol_mix-state-2020,viol_mix-tribe-2020,viol_mix-epa-2020,viol_ppe-state-2020,viol_ppe-tribe-2020,viol_ppe-epa-2020,viol_entry-state-2020,viol_entry-tribe-2020,viol_entry-epa-2020,viol_notice-state-2020,viol_notice-tribe-2020,viol_notice-epa-2020,viol_central-state-2020,viol_central-tribe-2020,viol_central-epa-2020,viol_safety-state-2020,viol_safety-tribe-2020,viol_safety-epa-2020,enf_warnings-state-2020,enf_warnings-tribe-2020,enf_warnings-epa-2020,enf_admincivil-state-2020,enf_admincivil-tribe-2020,enf_admincivil-epa-2020,enf_sentepa-state-2020,enf_sentepa-tribe-2020,enf_sentepa-epa-2020,enf_addl-state-2020,enf_addl-tribe-2020,enf_addl-epa-2020,enf_stopsale-state-2020,enf_stopsale-tribe-2020,enf_stopsale-epa-2020,enf_fines-state-2020,enf_fines-tribe-2020,enf_fines-epa-2020,insp-state-2021,insp-tribe-2021,insp-epa-2021,viol_retaliation-state-2021,viol_retaliation-tribe-2021,viol_retaliation-epa-2021,viol_information-state-2021,viol_information-tribe-2021,viol_information-epa-2021,viol_emergency-state-2021,viol_emergency-tribe-2021,viol_emergency-epa-2021,viol_decon-state-2021,viol_decon-tribe-2021,viol_decon-epa-2021,viol_mix-state-2021,viol_mix-tribe-2021,viol_mix-epa-2021,viol_ppe-state-2021,viol_ppe-tribe-2021,viol_ppe-epa-2021,viol_entry-state-2021,viol_entry-tribe-2021,viol_entry-epa-2021,viol_notice-state-2021,viol_notice-tribe-2021,viol_notice-epa-2021,viol_central-state-2021,viol_central-tribe-2021,viol_central-epa-2021,viol_safety-state-2021,viol_safety-tribe-2021,viol_safety-epa-2021,enf_warnings-state-2021,enf_warnings-tribe-2021,enf_warnings-epa-2021,enf_admincivil-state-2021,enf_admincivil-tribe-2021,enf_admincivil-epa-2021,enf_sentepa-state-2021,enf_sentepa-tribe-2021,enf_sentepa-epa-2021,enf_addl-state-2021,enf_addl-tribe-2021,enf_addl-epa-2021,enf_stopsale-state-2021,enf_stopsale-tribe-2021,enf_stopsale-epa-2021,enf_fines-state-2021,enf_fines-tribe-2021,enf_fines-epa-2021
National,0,0,0,0,,,,,,,,,,,,,,,,,,,,,,,,,,,,,,,,,,,,,,,,,,,,,,,,,,,,,,,,,,,,,,,,,,,,,,,,,,,,,,,,,,,,,,,,,,,,,,,,,,,,,,,,,,,,,,,,,,,,,,,,,,,,,,,,,,,,,,,,,,,,,,,,,,,,,,,,,,,,,,,,,,,,,,,,,,,,,,,,,,,,,,,,,,,,,,,,,,,,,,,,,,,,,,,,,,,,,,,,,,,,,,,,,,,,,,,,,,,,,,,,,,,,,,,,,,,,,,,,,,,,,,,,,,,,,,,,,,,,,,,,,,,,,,,,,,,,,,,,,,,,,,,,,,,,,,,,,,,,,,,,,,,,,,,,,,,,,,,,,,,,,,,,,,,,,,,,,,,,,,,,,,,,,,,,,,,,,,,,,,,,,,,,,,,,,,,,,,,,,,,,,,,,,,,,,,,,,,,,,,,,,,,,,,,,,,,,,,,,,,,,,,,,,,,,,,,,,,,,,,,,,,,,,,,,,,,,,,,,,,,,,,,,,,,,,,,,,,,,,,,,,,,,,,,,,,,,,,,,,,,,,,,,,,,,,,,,,,,,,,,,,,,,,,,,,,,,,,,,,,,,,
Alabama,,,,,98,,,0,,,0,,,3,,,1,,,0,,,0,,,0,,,0,,,11,,,8,,,1,,,0,,,0,,,8,,,,,,0,,,107,,,0,,,0,,,0,,,2,,,0,,,0,,,0,,,0,,,10,,,8,,,0,,,0,,,0,,,14,,,,,,1,,,199,,,0,,,0,,,0,,,1,,,0,,,0,,,1,,,0,,,1,,,0,,,0,,,0,,,0,,,3,,,,,,0,,,239,,,0,,,0,,,0,,,0,,,0,,,0,,,0,,,0,,,0,,,0,,,0,,,0,,,0,,,30,,,0,,,0,,,187,,,0,,,1,,,3,,,1,,,1,,,2,,,1,,,1,,,22,,,22,,,0,,,0,,,0,,,1,,,0,,,0,,,129,,,0,,,7,,,1,,,0,,,0,,,1,,,0,,,0,,,2,,,1,,,0,,,0,,,0,,,8,,,0,,,0,,,153,,,0,,,3,,,0,,,0,,,0,,,0,,,0,,,0,,,2,,,7,,,1,,,0,,,0,,,10,,,0,,,0,,,204,,1,0,,,0,,,0,,,1,,,11,,,4,,,0,,,0,,,12,,,13,,,3,,,0,,,0,,,10,,,0,,,2,,,107,,0,0,,,0,,,0,,,0,,,0,,,0,,,0,,,0,,,1,,,0,,,4,,,0,,,0,,,7,,,0,,,2,,,84,,,0,,,0,,,0,,,0,,,0,,,0,,,0,,,0,,,0,,,0,,,0,,,0,,,0,,,4,,,0,,,0,,,114,,,0,,,0,,,0,,,0,,,0,,,0,,,0,,,0,,,0,,,0,,,0,,,0,,,0,,,0,,,0,,,0,,
Alaska,,,,,6,,,0,,,0,,,0,,,3,,,0,,,1,,,0,,,1,,,4,,,3,,,6,,,0,,,0,,,1,,,,,,0,,,6,,,0,,,0,,,0,,,1,,,0,,,1,,,0,,,2,,,2,,,0,,,4,,,0,,,0,,,0,,,,,,0,,,6,,,0,,,0,,,0,,,1,,,0,,,1,,,0,,,0,,,3,,,2,,,3,,,0,,,0,,,0,,,,,,0,,,4,,,0,,,0,,,0,,,0,,,0,,,0,,,0,,,0,,,0,,,0,,,0,,,0,,,0,,,0,,,0,,,0,,,4,,,0,,,0,,,0,,,1,,,0,,,2,,,0,,,0,,,2,,,2,,,4,,,0,,,0,,,0,,,0,,,0,,,4,,,0,,,0,,,0,,,1,,,0,,,2,,,0,,,0,,,3,,,2,,,4,,,0,,,0,,,0,,,1,,,0,,,4,,,0,,,0,,,0,,,1,,,0,,,1,,,0,,,0,,,2,,,0,,,2,,,0,,,0,,,0,,,0,,,0,,,4,,,0,,,0,,,1,,,2,,,0,,,3,,,1,,,1,,,3,,,3,,,3,,,0,,,0,,,0,,,0,,,0,,,5,,,0,,,1,,,1,,,1,,,1,,,1,,,1,,,1,,,2,,,1,,,2,,,0,,,0,,,0,,,0,,,0,,,3,,,0,,,0,,,0,,,2,,,0,,,1,,,0,,,1,,,1,,,1,,,1,,,0,,,0,,,1,,,0,,,0,,,4,,,0,,,0,,,0,,,1,,,0,,,0,,,0,,,2,,,2,,,2,,,2,,,0,,,0,,,0,,,0,,,0,,
American Samoa,,,,,0,,,,,,,,,,,,,,,,,,,,,,,,,,,,,,,,,0,,,0,,,0,,,0,,,,,,0,,,0,,,0,,,0,,,0,,,0,,,0,,,0,,,0,,,0,,,0,,,0,,,0,,,0,,,0,,,0,,,,,,0,,,0,,,0,,,0,,,0,,,0,,,0,,,0,,,0,,,0,,,0,,,0,,,0,,,0,,,0,,,0,,,,,,0,,,0,,,0,,,0,,,0,,,0,,,0,,,0,,,0,,,0,,,0,,,0,,,0,,,0,,,0,,,0,,,0,,,0,,,0,,,,,,,,,,,,,,,,,,,,,,,,,,,,,,,,,,,,,,,,,,,,,,,,,,,0,,,0,,,,,,0,,,0,,,0,,,0,,,0,,,0,,,0,,,0,,,0,,,0,,,0,,,0,,,0,,,0,,,0,,,,,,0,,,0,,,0,,,0,,,0,,,0,,,0,,,0,,,0,,,0,,,0,,,0,,,0,,,0,,,0,,,0,,,0,,,0,,,0,,,0,,,0,,,0,,,,,,0,,,0,,,0,,,0,,,0,,,0,,,0,,,,,,0,,,1,,1,0,,,0,,,0,,,0,,,0,,,0,,,0,,,0,,,0,,,0,,,0,,,0,,,0,,,0,,,0,,,0,,,0,,,0,,,0,,,0,,,0,,,0,,,0,,,0,,,0,,,0,,,0,,,0,,,0,,,0,,,0,,,0,,,0,,,0,,,0,,,0,,,0,,,0,,,0,,,0,,,0,,,0,,,0,,,0,,,0,,,0,,,0,,,0,,,0,,,0,,
Arizona ,,,,,101,,,1,,,13,,,11,,,8,,,0,,,9,,,1,,,15,,,1,,,28,,,13,,,0,,,9,,,22,,,,,,18,,,116,,,0,,,0,,,0,,,2,,,1,,,1,,,0,,,0,,,0,,,2,,,1,,,0,,,0,,,1,,,,,,3,,,138,,,0,,,1,,,4,,,4,,,0,,,1,,,0,,,5,,,4,,,22,,,8,,,0,,,0,,,1,,,,,,10,,,168,,,0,,,3,,,4,,,1,,,0,,,0,,,1,,,9,,,9,,,29,,,9,,,0,,,1,,,3,,,0,,,28,,,124,,,1,,,1,,,1,,,2,,,4,,,8,,,1,,,1,,,6,,,9,,,3,,,,,,,,,2,,,,,,13,,,115,,,3,,,13,,,4,,,7,,,2,,,0,,,0,,,8,,,12,,,9,,,1,,,12,,,0,,,0,,,0,,,10,,,124,,8,5,,,0,,,4,,,3,,,0,,,3,,,1,,,9,,,10,,,14,,,3,,,5,,,0,,,0,,,0,,,4,,,140,,3,0,,,1,,,5,,,2,,,0,,,3,,,1,,,3,,,8,,,15,,,1,,,11,,,0,,,0,,,0,,,4,,,113,,,0,,,0,,,0,,,0,,,0,,,0,,,0,,,7,,,15,,,12,,,0,,,17,,,0,,,0,,,0,,,12,,,87,,,1,,,6,,,3,,,0,,,1,,,0,,,1,,,8,,,10,,,16,,,0,,,4,,,0,,,4,,,0,,,1,,,170,,,0,,,6,,,0,,,3,,,0,,,0,,,0,,,0,,,18,,,15,,,2,,,13,,,0,,,25,,,0,,,10,,
Arkansas,,,,,62,,,,,,,,,,,,,,,,,,1,,,,,,,,,2,,,,,,0,,,0,,,0,,,0,,,,,,0,,,60,,,0,,,0,,,0,,,0,,,0,,,0,,,0,,,0,,,0,,,0,,,0,,,0,,,0,,,0,,,,,,0,,,65,,,0,,,0,,,0,,,0,,,2,,,3,,,0,,,0,,,0,,,1,,,0,,,0,,,0,,,4,,,,,,0,,,62,,,0,,,0,,,0,,,0,,,0,,,0,,,0,,,0,,,0,,,0,,,0,,,0,,,0,,,0,,,0,,,0,,,66,,,0,,,0,,,0,,,0,,,0,,,2,,,0,,,0,,,0,,,0,,,0,,,0,,,0,,,0,,,0,,,0,,,65,,,0,,,0,,,0,,,0,,,0,,,3,,,0,,,0,,,0,,,0,,,0,,,0,,,0,,,,,,0,,,0,,,63,,,0,,,,,,0,,,0,,,0,,,0,,,0,,,0,,,0,,,0,,,0,,,0,,,0,,,0,,,0,,,0,,,59,,,0,,,0,,,0,,,,,,0,,,0,,,0,,,0,,,0,,,0,,,0,,,0,,,0,,,0,,,0,,,0,,,66,,,0,,,0,,,0,,,0,,,0,,,0,,,0,,,0,,,1,,,2,,,0,,,0,,,0,,,0,,,0,,,0,,,11,,,0,,,0,,,0,,,0,,,0,,,0,,,0,,,0,,,0,,,0,,,0,,,0,,,0,,,0,,,0,,,0,,,61,,,0,,,0,,,0,,,0,,,0,,,0,,,0,,,0,,,1,,,0,,,0,,,0,,,0,,,0,,,0,,,0,,
California,,,,,39,,,,,,,,,,,,4,,,1,,,28,,,,,,1,,,33,,,14,,,14,,,6,,,,,,,,,,,,6,,,33,,,0,,,0,,,1,,,8,,,0,,,5,,,0,,,0,,,20,,,2,,,13,,,1,,,0,,,0,,,,,,1,,,33,,,0,,,0,,,0,,,3,,,1,,,21,,,0,,,1,,,20,,,2,,,13,,,3,,,0,,,0,,,,,,3,,,33,,,0,,,2,,,0,,,3,,,5,,,10,,,0,,,1,,,31,,,5,,,16,,,3,,,0,,,0,,,0,,,3,,,38,,,0,,,0,,,1,,,1,,,1,,,5,,,,,,0,,,24,,,3,,,13,,,,,,,,,,,,,,,3,,,32,,,0,,,0,,,0,,,5,,,0,,,11,,,0,,,0,,,25,,,8,,,15,,,1,,,0,,,0,,,0,,,1,,,34,,2,0,,,0,,,0,,,3,,,4,,,6,,,0,,,0,,,29,,,5,,,17,,,1,,,0,,,0,,,0,,,1,,,34,,1,0,,,0,,,0,,,0,,,0,,,13,,,0,,,0,,,13,,,6,,,12,,,3,,,0,,,0,,,0,,,0,,,33,,,0,,,1,,,0,,,2,,,0,,,10,,,0,,,0,,,38,,,14,,,18,,,3,,,0,,,0,,,0,,,0,,,21,,,0,,,0,,,0,,,1,,,0,,,0,,,0,,,0,,,12,,,1,,,8,,,4,,,0,,,0,,,0,,,0,,,17,,,0,,,0,,,0,,,0,,,0,,,0,,,0,,,0,,,9,,,3,,,5,,,4,,,0,,,0,,,0,,,4,,
Colorado,,,,,146,,,0,,,3,,,0,,,7,,,2,,,0,,,1,,,3,,,10,,,4,,,4,,,0,,,0,,,25,,,,,,0,,,144,,,0,,,2,,,0,,,3,,,0,,,0,,,1,,,1,,,5,,,6,,,0,,,0,,,0,,,10,,,,,,0,,,167,,,0,,,2,,,0,,,4,,,1,,,1,,,2,,,3,,,23,,,9,,,20,,,0,,,0,,,36,,,,,,0,,,184,,,0,,,0,,,0,,,1,,,0,,,0,,,0,,,0,,,6,,,4,,,12,,,0,,,0,,,7,,,0,,,0,,,95,,,,,,,,,,,,2,,,1,,,1,,,0,,,1,,,7,,,2,,,2,,,0,,,,,,5,,,0,,,0,,,42,,,0,,,1,,,0,,,2,,,0,,,0,,,0,,,0,,,3,,,1,,,2,,,0,,,0,,,3,,,0,,,0,,,515,,,0,,,54,,,4,,,142,,,173,,,206,,,3,,,6,,,220,,,100,,,7,,,0,,,0,,,40,,,0,,,0,,,533,,,0,,,1,,,14,,,96,,,57,,,141,,,39,,,60,,,156,,,169,,,9,,,4,,,0,,,80,,,0,,,0,,,392,,,0,,,8,,,4,,,57,,,16,,,97,,,27,,,40,,,120,,,84,,,15,,,0,,,0,,,73,,,0,,,0,,,281,,,0,,,5,,,1,,,29,,,3,,,56,,,12,,,7,,,62,,,52,,,35,,,0,,,0,,,21,,,0,,,21,,,288,,,0,,,1,,,2,,,63,,,7,,,94,,,37,,,23,,,114,,,73,,,2,,,0,,,0,,,38,,,0,,,0,,
Connecticut,,,,,12,,,,,,,,,,,,,,,,,,,,,,,,3,,,3,,,1,,,3,,,0,,,0,,,0,,,,,,0,,,5,,,0,,,0,,,0,,,0,,,0,,,0,,,0,,,1,,,1,,,1,,,2,,,0,,,0,,,0,,,,,,0,,,5,,,0,,,0,,,0,,,0,,,0,,,0,,,0,,,0,,,0,,,0,,,0,,,0,,,0,,,0,,,,,,0,,,29,,,0,,,0,,,0,,,1,,,0,,,0,,,0,,,0,,,0,,,1,,,0,,,1,,,0,,,0,,,0,,,1,,,6,,,0,,,0,,,0,,,0,,,0,,,0,,,0,,,0,,,1,,,1,,,1,,,0,,,0,,,0,,,0,,,0,,,5,,,,,,,,,,,,,,,,,,,,,,,,,,,,,,0,,,0,,,0,,,0,,,0,,,0,,,0,,,9,,,0,,,0,,,,,,0,,,0,,,0,,,0,,,0,,,0,,,0,,,0,,,0,,,,,,,,,0,,,,,,0,,,0,,,0,,,,,,0,,,0,,,0,,,0,,,0,,,0,,,0,,,0,,,0,,,0,,,0,,,0,,,0,,,5,,,,,,0,,,0,,,0,,,0,,,0,,,0,,,0,,,0,,,0,,,0,,,0,,,0,,,0,,,0,,,0,,,2,,,0,,,0,,,0,,,0,,,0,,,0,,,0,,,0,,,0,,,0,,,0,,,0,,,0,,,0,,,0,,,0,,,3,,,0,,,0,,,0,,,0,,,0,,,0,,,0,,,0,,,0,,,0,,,0,,,0,,,0,,,0,,,0,,,0,,
Delaware,,,,,9,,,,,,,,,,,,,,,,,,,,,,,,,,,,,,,,,,,,,,,,,,,,,,,,,,,9,,,0,,,0,,,0,,,0,,,0,,,0,,,0,,,0,,,1,,,0,,,1,,,0,,,0,,,0,,,,,,0,,,9,,,0,,,4,,,0,,,0,,,0,,,2,,,0,,,0,,,1,,,4,,,2,,,0,,,0,,,2,,,,,,0,,,9,,,0,,,0,,,0,,,0,,,0,,,1,,,1,,,0,,,0,,,1,,,0,,,0,,,0,,,2,,,0,,,0,,,9,,,0,,,0,,,0,,,0,,,0,,,0,,,1,,,1,,,0,,,1,,,1,,,0,,,0,,,0,,,0,,,0,,,9,,3,0,,,0,,,0,,,0,,,0,,,0,,,1,,,3,,,3,,,0,,,3,,,1,,,0,,,0,,,0,,,1,,,10,,1,0,,,0,,,0,,,1,,,0,,,1,,,0,,,0,,,5,,,0,,,5,,,0,,,0,,,0,,,0,,,0,,,10,,,0,,,3,,,0,,,2,,,0,,,0,,,1,,,2,,,4,,,0,,,3,,,0,,,0,,,0,,,0,,,0,,,10,,,0,,,3,,,1,,,0,,,1,,,0,,,0,,,4,,,3,,,2,,,4,,,0,,,0,,,1,,,0,,,0,,,1,,,0,,,1,,,0,,,0,,,0,,,0,,,0,,,0,,,1,,,0,,,1,,,0,,,0,,,0,,,0,,,0,,,10,,,0,,,1,,,0,,,0,,,0,,,0,,,0,,,0,,,1,,,2,,,2,,,0,,,0,,,0,,,0,,,0,,
District of Columbia,,,,,3,,,0,,,0,,,0,,,0,,,0,,,0,,,0,,,0,,,0,,,0,,,,,,,,,,,,,,,,,,,,,3,,,0,,,0,,,0,,,0,,,0,,,0,,,0,,,0,,,0,,,0,,,0,,,0,,,0,,,0,,,,,,,,,2,,,0,,,0,,,0,,,0,,,0,,,0,,,0,,,0,,,0,,,0,,,0,,,0,,,0,,,0,,,,,,0,,,0,,,0,,,0,,,0,,,0,,,0,,,0,,,0,,,0,,,0,,,0,,,0,,,0,,,0,,,0,,,0,,,0,,,1,,,0,,,0,,,0,,,0,,,0,,,0,,,0,,,0,,,0,,,0,,,0,,,0,,,0,,,0,,,0,,,0,,,1,,,,,,,,,,,,,,,,,,,,,,,,,,,,,,0,,,,,,0,,,,,,,,,,,,,,,1,,,,,,0,,,,,,0,,,0,,,0,,,0,,,0,,,0,,,0,,,0,,,0,,,0,,,0,,,0,,,0,,,0,,,0,,,0,,,0,,,0,,,0,,,0,,,0,,,0,,,0,,,0,,,0,,,0,,,0,,,0,,,0,,,,,,1,,,,,,0,,,0,,,0,,,0,,,0,,,0,,,0,,,0,,,0,,,0,,,0,,,0,,,0,,,0,,,0,,,0,,,0,,,0,,,0,,,0,,,0,,,0,,,0,,,0,,,0,,,0,,,0,,,0,,,0,,,0,,,0,,,0,,,0,,,0,,,0,,,0,,,0,,,0,,,0,,,0,,,0,,,0,,,0,,,0,,,0,,,0,,,0,,,0,,,0,,
Florida,,,,,778,,,0,,,0,,,0,,,13,,,2,,,16,,,3,,,7,,,44,,,35,,,48,,,0,,,2,,,16,,,,,,6,,,808,,,0,,,0,,,0,,,10,,,0,,,13,,,5,,,3,,,70,,,48,,,40,,,0,,,0,,,73,,,,,,1,,,875,,,0,,,0,,,4,,,22,,,3,,,17,,,7,,,32,,,76,,,65,,,80,,,0,,,0,,,35,,,,,,5,,,733,,,0,,,1,,,0,,,15,,,2,,,5,,,3,,,6,,,77,,,40,,,41,,,0,,,0,,,47,,,0,,,2,,,795,,,0,,,0,,,0,,,14,,,0,,,15,,,3,,,1,,,67,,,58,,,64,,,0,,,0,,,22,,,0,,,10,,,598,,,0,,,0,,,0,,,13,,,0,,,4,,,1,,,5,,,36,,,22,,,26,,,0,,,1,,,19,,,0,,,5,,,645,,,0,,,0,,,0,,,19,,,0,,,12,,,9,,,8,,,72,,,38,,,57,,,0,,,0,,,23,,,0,,,6,,,675,,1,0,,,0,,,0,,,7,,,0,,,4,,,1,,,4,,,47,,,27,,,58,,,0,,,0,,,8,,,0,,,7,,,700,,,0,,,8,,,1,,,8,,,1,,,10,,,1,,,2,,,51,,,45,,,50,,,0,,,0,,,12,,,0,,,8,,,642,,,0,,,0,,,0,,,20,,,0,,,42,,,6,,,13,,,68,,,74,,,80,,,0,,,0,,,12,,,0,,,10,,,733,,,0,,,19,,,0,,,19,,,1,,,43,,,1,,,7,,,79,,,87,,,100,,,0,,,0,,,9,,,0,,,15,,
Georgia,,,,,146,,,,,,,,,,,,1,,,,,,3,,,3,,,,,,26,,,13,,,15,,,0,,,0,,,12,,,,,,0,,,96,,,0,,,0,,,0,,,0,,,0,,,2,,,1,,,0,,,14,,,10,,,10,,,0,,,0,,,6,,,,,,0,,,98,,,0,,,0,,,0,,,3,,,0,,,3,,,3,,,0,,,13,,,10,,,6,,,0,,,0,,,8,,,,,,0,,,82,,,0,,,0,,,0,,,2,,,0,,,0,,,3,,,0,,,5,,,4,,,3,,,0,,,0,,,3,,,0,,,2,,,86,,,0,,,0,,,0,,,0,,,0,,,3,,,2,,,0,,,11,,,7,,,7,,,0,,,0,,,6,,,0,,,0,,,66,,,0,,,0,,,0,,,0,,,0,,,0,,,3,,,0,,,8,,,6,,,7,,,0,,,0,,,4,,,0,,,0,,,77,,,0,,,0,,,0,,,0,,,0,,,0,,,5,,,0,,,8,,,7,,,8,,,0,,,0,,,1,,,0,,,0,,,37,,,0,,,0,,,0,,,0,,,0,,,2,,,1,,,0,,,2,,,2,,,3,,,0,,,0,,,0,,,0,,,0,,,21,,,0,,,0,,,4,,,0,,,1,,,4,,,1,,,0,,,3,,,5,,,5,,,0,,,0,,,0,,,0,,,1,,,10,,,0,,,1,,,0,,,0,,,0,,,1,,,1,,,0,,,1,,,1,,,2,,,0,,,0,,,0,,,0,,,0,,,23,,,0,,,0,,,0,,,0,,,0,,,0,,,0,,,0,,,0,,,0,,,0,,,0,,,0,,,0,,,0,,,0,,
Guam,,,,,0,,,0,,,0,,,0,,,0,,,0,,,0,,,0,,,0,,,0,,,0,,,0,,,0,,,0,,,0,,,,,,0,,,0,,,0,,,0,,,0,,,0,,,0,,,0,,,0,,,0,,,0,,,0,,,0,,,0,,,0,,,0,,,,,,0,,,0,,,0,,,0,,,0,,,0,,,0,,,0,,,0,,,0,,,0,,,0,,,0,,,0,,,0,,,0,,,,,,0,,,0,,,0,,,0,,,0,,,0,,,0,,,0,,,0,,,0,,,0,,,0,,,0,,,0,,,0,,,0,,,0,,,0,,,4,,,0,,,4,,,4,,,4,,,4,,,4,,,4,,,4,,,4,,,4,,,4,,,,,,,,,,,,,,,,,,5,,,0,,,0,,,0,,,5,,,5,,,5,,,0,,,5,,,5,,,5,,,0,,,0,,,0,,,0,,,0,,,0,,,0,,,0,,,0,,,,,,0,,,0,,,0,,,0,,,0,,,0,,,0,,,0,,,0,,,,,,0,,,0,,,0,,,17,,,0,,,0,,,0,,,0,,,0,,,0,,,0,,,0,,,0,,,0,,,0,,,0,,,0,,,0,,,0,,,0,,,17,,3,0,,,0,,,0,,,0,,,0,,,0,,,0,,,0,,,0,,,0,,,1,,,0,,,0,,,0,,,0,,,1,,,0,,,0,,,0,,,0,,,0,,,0,,,0,,,0,,,0,,,0,,,0,,,0,,,0,,,0,,,0,,,0,,,0,,,0,,,0,,,0,,,0,,,0,,,0,,,0,,,0,,,0,,,0,,,0,,,0,,,0,,,0,,,0,,,0,,,0,,
Hawaii,,,,,20,,,0,,,0,,,0,,,0,,,0,,,0,,,0,,,1,,,1,,,1,,,1,,,0,,,0,,,0,,,,,,0,,,45,,,0,,,0,,,0,,,2,,,0,,,0,,,0,,,3,,,3,,,4,,,3,,,1,,,0,,,0,,,,,,0,,,14,,,0,,,0,,,0,,,0,,,0,,,0,,,0,,,0,,,1,,,1,,,0,,,0,,,0,,,0,,,,,,0,,,10,,,0,,,0,,,0,,,0,,,0,,,0,,,0,,,0,,,0,,,0,,,0,,,0,,,0,,,0,,,0,,,0,,,19,,,0,,,0,,,,,,1,,,0,,,0,,,,,,2,,,2,,,2,,,2,,,,,,,,,,,,,,,0,,,21,,,0,,,0,,,3,,,0,,,2,,,4,,,0,,,6,,,6,,,7,,,3,,,2,,,0,,,21,,,0,,,0,,,25,,6,0,,,0,,,0,,,1,,,1,,,2,,,0,,,3,,,5,,,4,,,12,,,3,,,0,,,11,,,0,,,3,,,23,,1,0,,,0,,,1,,,3,,,0,,,0,,,0,,,5,,,5,,,4,,,7,,,2,,,0,,,4,,,0,,,2,,,28,,2,0,,,0,,,0,,,5,,,0,,,4,,,0,,,1,,,15,,,11,,,16,,,9,,,1,,,0,,,0,,,6,,,8,,2,0,,,0,,,0,,,1,,,0,,,0,,,0,,,3,,,4,,,4,,,5,,,4,,,0,,,0,,,0,,,4,,,12,,,0,,,0,,,1,,,1,,,0,,,0,,,0,,,1,,,2,,,1,,,2,,,3,,,0,,,0,,,0,,,3,,
Idaho,,,,,69,,,,,,1,,,,,,1,,,,,,2,,,,,,,,,,,,,,,3,,,,,,,,,,,,,,,,,,94,,,0,,,1,,,0,,,2,,,0,,,0,,,0,,,0,,,0,,,0,,,2,,,0,,,0,,,0,,,,,,0,,,130,,,0,,,0,,,5,,,0,,,2,,,0,,,7,,,0,,,0,,,5,,,11,,,0,,,0,,,0,,,,,,0,,,147,,,0,,,1,,,0,,,2,,,0,,,6,,,0,,,0,,,0,,,0,,,9,,,0,,,0,,,1,,,2,,,0,,,115,,,0,,,1,,,0,,,0,,,0,,,0,,,0,,,1,,,0,,,0,,,2,,,0,,,0,,,0,,,0,,,0,,,127,,,0,,,0,,,0,,,3,,,0,,,5,,,0,,,0,,,0,,,1,,,5,,,0,,,0,,,0,,,0,,,0,,,79,,,0,,,0,,,0,,,0,,,0,,,0,,,0,,,0,,,0,,,0,,,0,,,0,,,0,,,0,,,0,,,0,,,62,,,0,,,2,,,0,,,0,,,0,,,0,,,0,,,2,,,0,,,1,,,3,,,0,,,0,,,0,,,0,,,0,,,57,,,0,,,0,,,0,,,1,,,0,,,0,,,0,,,0,,,0,,,0,,,1,,,0,,,0,,,0,,,0,,,0,,,50,,,0,,,0,,,0,,,0,,,0,,,1,,,0,,,0,,,0,,,0,,,1,,,0,,,0,,,0,,,0,,,0,,,54,,,0,,,0,,,0,,,1,,,0,,,2,,,0,,,0,,,1,,,1,,,4,,,0,,,0,,,0,,,0,,,0,,
Illinois,,,,,27,,,,,,,,,2,,,3,,,1,,,5,,,1,,,2,,,7,,,5,,,3,,,1,,,,,,5,,,,,,1,,,25,,,0,,,0,,,0,,,4,,,1,,,1,,,1,,,1,,,4,,,4,,,3,,,0,,,2,,,2,,,,,,0,,,24,,,0,,,1,,,0,,,5,,,1,,,2,,,2,,,3,,,11,,,8,,,8,,,0,,,2,,,3,,,,,,0,,,33,,,0,,,0,,,0,,,0,,,0,,,0,,,0,,,0,,,2,,,3,,,3,,,0,,,0,,,0,,,0,,,0,,,28,,,,,,,,,,,,,,,,,,,,,,,,,,,2,,,2,,,0,,,0,,,0,,,0,,,0,,,0,,,20,,,0,,,0,,,0,,,0,,,0,,,3,,,1,,,2,,,4,,,3,,,6,,,0,,,0,,,0,,,0,,,0,,,26,,,0,,,0,,,0,,,0,,,0,,,4,,,0,,,0,,,3,,,7,,,7,,,0,,,2,,,0,,,0,,,0,,,27,,,0,,,0,,,0,,,0,,,0,,,1,,,0,,,0,,,1,,,6,,,8,,,0,,,0,,,0,,,0,,,0,,,36,,,,,,,,,,,,0,,,0,,,0,,,0,,,0,,,0,,,0,,,0,,,0,,,0,,,0,,,0,,,0,,,26,,,0,,,0,,,0,,,0,,,0,,,0,,,0,,,0,,,0,,,0,,,0,,,0,,,0,,,0,,,0,,,0,,,37,,,0,,,0,,,0,,,0,,,0,,,0,,,0,,,0,,,1,,,2,,,3,,,0,,,0,,,0,,,0,,,0,,
Indiana,,,,,8,,,,,,,,,,,,,,,,,,,,,,,,,,,,,,,,,,,,,,,,,,,,,,,,,,,7,,,0,,,1,,,0,,,0,,,0,,,0,,,0,,,0,,,0,,,0,,,0,,,0,,,0,,,1,,,,,,0,,,14,,,0,,,0,,,0,,,0,,,0,,,0,,,0,,,0,,,0,,,1,,,1,,,0,,,0,,,0,,,,,,0,,,14,,,0,,,1,,,0,,,0,,,0,,,0,,,0,,,0,,,0,,,0,,,1,,,0,,,0,,,0,,,0,,,1,,,24,,,0,,,1,,,0,,,0,,,0,,,0,,,0,,,0,,,8,,,8,,,9,,,0,,,0,,,0,,,0,,,8,,,13,,,0,,,0,,,0,,,0,,,0,,,0,,,0,,,0,,,0,,,0,,,4,,,0,,,0,,,0,,,0,,,4,,,7,,,0,,,1,,,0,,,0,,,0,,,0,,,0,,,0,,,0,,,0,,,0,,,1,,,0,,,0,,,0,,,1,,,6,,,0,,,0,,,0,,,1,,,0,,,1,,,0,,,0,,,1,,,1,,,0,,,0,,,0,,,0,,,0,,,1,,,22,,,0,,,0,,,0,,,0,,,0,,,5,,,0,,,0,,,0,,,0,,,0,,,0,,,0,,,0,,,0,,,0,,,16,,,0,,,0,,,0,,,0,,,0,,,2,,,0,,,0,,,1,,,1,,,0,,,0,,,0,,,0,,,0,,,2,,,16,,,0,,,0,,,0,,,2,,,0,,,1,,,0,,,0,,,0,,,0,,,0,,,0,,,0,,,1,,,0,,,1,,
Iowa,,,,,22,,,,,,,,,,,,,,,,,,,,,,,,3,,,3,,,5,,,6,,,,,,,,,10,,,,,,,,,21,,,0,,,0,,,0,,,0,,,0,,,0,,,0,,,2,,,7,,,3,,,7,,,0,,,0,,,5,,,,,,0,,,22,,,0,,,2,,,2,,,2,,,2,,,2,,,3,,,7,,,12,,,14,,,8,,,0,,,0,,,12,,,,,,0,,,9,,1,0,,,0,,,0,,,0,,,0,,,0,,,1,,,1,,,0,,,1,,,4,,,0,,,0,,,2,,,0,,,0,,,17,,,0,,,2,,,0,,,2,,,0,,,0,,,2,,,0,,,2,,,5,,,4,,,0,,,0,,,6,,,0,,,0,,,26,,,0,,,0,,,0,,,2,,,2,,,1,,,0,,,0,,,1,,,2,,,6,,,0,,,0,,,2,,,0,,,0,,,19,,,0,,,3,,,0,,,0,,,1,,,0,,,2,,,3,,,1,,,4,,,4,,,0,,,0,,,2,,,0,,,0,,,3,,,0,,,0,,,0,,,0,,,0,,,0,,,0,,,1,,,0,,,3,,,2,,,0,,,0,,,1,,,0,,,0,,,2,,,,,,,,,0,,,0,,,0,,,0,,,0,,,0,,,0,,,0,,,0,,,0,,,0,,,0,,,0,,,0,,,7,,,0,,,0,,,0,,,0,,,0,,,4,,,0,,,1,,,8,,,6,,,3,,,0,,,0,,,3,,,0,,,0,,,7,,,0,,,0,,,0,,,0,,,0,,,0,,,0,,,0,,,0,,,0,,,0,,,2,,,0,,,1,,,0,,,1,,
Kansas,,,,,21,,,,,,5,,,,,,2,,,,,,7,,,,,,,,,1,,,2,,,9,,,0,,,0,,,0,,,,,,0,,,22,,,0,,,1,,,0,,,2,,,0,,,2,,,0,,,0,,,0,,,1,,,3,,,0,,,0,,,0,,,,,,0,,,20,,,0,,,2,,,0,,,1,,,0,,,3,,,0,,,0,,,2,,,4,,,5,,,0,,,0,,,0,,,,,,0,,,20,,,0,,,3,,,0,,,6,,,0,,,1,,,0,,,1,,,1,,,3,,,6,,,0,,,0,,,0,,,0,,,0,,,20,,,0,,,4,,,0,,,1,,,0,,,2,,,0,,,0,,,1,,,2,,,5,,,0,,,0,,,0,,,0,,,0,,,18,,,0,,,1,,,0,,,2,,,0,,,3,,,0,,,0,,,0,,,0,,,3,,,0,,,0,,,0,,,0,,,0,,,6,,,,,,,,,0,,,0,,,0,,,0,,,0,,,0,,,0,,,0,,,0,,,0,,,0,,,0,,,0,,,0,,,0,,,0,,,,,,0,,,0,,,0,,,0,,,0,,,0,,,0,,,0,,,0,,,0,,,0,,,0,,,,,,0,,,9,,,0,,,0,,,0,,,0,,,0,,,2,,,0,,,0,,,0,,,2,,,0,,,0,,,0,,,4,,,0,,,0,,,5,,,0,,,0,,,0,,,0,,,0,,,0,,,0,,,0,,,0,,,0,,,0,,,0,,,0,,,0,,,0,,,0,,,2,,,0,,,0,,,0,,,0,,,0,,,0,,,0,,,0,,,0,,,0,,,0,,,0,,,0,,,0,,,0,,,0,,
Kentucky,,,,,58,,,0,,,0,,,0,,,0,,,0,,,1,,,0,,,6,,,4,,,2,,,7,,,1,,,0,,,0,,,,,,1,,,29,,,0,,,0,,,0,,,0,,,0,,,0,,,0,,,0,,,1,,,3,,,0,,,0,,,0,,,0,,,,,,4,,,55,,,0,,,2,,,0,,,0,,,0,,,1,,,0,,,2,,,2,,,0,,,3,,,2,,,0,,,0,,,,,,2,,,58,,,0,,,0,,,0,,,0,,,0,,,0,,,4,,,0,,,0,,,0,,,4,,,2,,,0,,,0,,,0,,,2,,,52,,,0,,,0,,,0,,,0,,,0,,,0,,,0,,,0,,,3,,,0,,,3,,,0,,,0,,,0,,,0,,,0,,,47,,,0,,,0,,,0,,,0,,,0,,,0,,,0,,,0,,,8,,,1,,,9,,,0,,,0,,,0,,,0,,,0,,,44,,,0,,,0,,,0,,,0,,,0,,,0,,,0,,,0,,,0,,,0,,,0,,,0,,,0,,,0,,,0,,,0,,,32,,,0,,,0,,,0,,,0,,,0,,,0,,,0,,,0,,,3,,,0,,,3,,,0,,,0,,,0,,,0,,,0,,,12,,,,,,,,,0,,,0,,,0,,,0,,,0,,,0,,,0,,,0,,,0,,,0,,,0,,,0,,,0,,,,,,22,,,0,,,0,,,0,,,0,,,0,,,0,,,0,,,0,,,0,,,0,,,0,,,0,,,0,,,0,,,0,,,0,,,24,,,0,,,0,,,0,,,0,,,0,,,0,,,0,,,0,,,0,,,0,,,0,,,0,,,0,,,0,,,0,,,0,,
Louisiana,,,,,40,,,,,,,,,,,,,,,,,,,,,,,,,,,,,,,,,0,,,0,,,0,,,0,,,,,,0,,,39,,,0,,,0,,,0,,,0,,,0,,,0,,,0,,,0,,,0,,,0,,,2,,,0,,,0,,,0,,,,,,0,,,34,,,0,,,0,,,0,,,0,,,0,,,0,,,0,,,0,,,0,,,0,,,0,,,0,,,0,,,0,,,,,,0,,,39,,,0,,,0,,,0,,,0,,,0,,,0,,,0,,,0,,,1,,,1,,,2,,,0,,,0,,,0,,,0,,,0,,,37,,,0,,,0,,,0,,,0,,,0,,,0,,,0,,,0,,,5,,,3,,,8,,,0,,,0,,,0,,,0,,,0,,,36,,,0,,,0,,,0,,,0,,,0,,,0,,,0,,,1,,,1,,,0,,,1,,,0,,,0,,,0,,,0,,,0,,,36,,,0,,,0,,,0,,,0,,,0,,,0,,,0,,,0,,,0,,,0,,,0,,,2,,,0,,,0,,,0,,,1,,,38,,,0,,,0,,,0,,,0,,,0,,,0,,,0,,,0,,,1,,,3,,,3,,,0,,,0,,,0,,,0,,,0,,,42,,,0,,,0,,,0,,,0,,,0,,,0,,,0,,,0,,,0,,,4,,,4,,,0,,,0,,,0,,,0,,,0,,,33,,,0,,,0,,,0,,,1,,,0,,,1,,,0,,,0,,,4,,,4,,,4,,,0,,,0,,,0,,,0,,,0,,,36,,,0,,,0,,,0,,,0,,,0,,,0,,,0,,,0,,,1,,,3,,,4,,,0,,,0,,,0,,,0,,,0,,
Maine,,,,,58,,,,,,,,,,,,,,,,,,,,,,,,2,,,2,,,1,,,0,,,0,,,0,,,0,,,,,,0,,,108,,,0,,,0,,,0,,,0,,,0,,,5,,,0,,,1,,,11,,,9,,,7,,,0,,,0,,,0,,,,,,0,,,87,,,0,,,0,,,0,,,0,,,0,,,1,,,1,,,0,,,5,,,5,,,2,,,1,,,0,,,0,,,,,,0,,,70,,,0,,,0,,,0,,,1,,,0,,,5,,,0,,,0,,,2,,,1,,,0,,,3,,,0,,,0,,,0,,,3,,,72,,,0,,,0,,,0,,,0,,,0,,,2,,,0,,,1,,,4,,,5,,,2,,,0,,,0,,,1,,,0,,,0,,,86,,,0,,,0,,,0,,,0,,,0,,,5,,,0,,,0,,,6,,,2,,,5,,,1,,,0,,,0,,,0,,,1,,,60,,,0,,,0,,,0,,,0,,,1,,,2,,,0,,,0,,,6,,,4,,,0,,,0,,,0,,,,,,0,,,,,,38,,,0,,,1,,,1,,,1,,,0,,,0,,,0,,,0,,,4,,,2,,,2,,,2,,,0,,,0,,,0,,,2,,,40,,,0,,,0,,,1,,,1,,,0,,,0,,,0,,,1,,,10,,,12,,,2,,,0,,,0,,,0,,,0,,,0,,,11,,,0,,,0,,,0,,,0,,,0,,,0,,,0,,,0,,,0,,,0,,,4,,,0,,,0,,,0,,,0,,,0,,,21,,,0,,,0,,,0,,,1,,,0,,,0,,,1,,,0,,,2,,,1,,,0,,,0,,,0,,,0,,,0,,,0,,
Northern Mariana Islands,,,,,0,,,0,,,0,,,0,,,0,,,0,,,0,,,0,,,0,,,0,,,0,,,0,,,0,,,0,,,0,,,,,,0,,,0,,,0,,,0,,,0,,,0,,,0,,,0,,,0,,,0,,,0,,,0,,,0,,,0,,,0,,,0,,,,,,0,,,0,,,0,,,0,,,0,,,0,,,0,,,0,,,0,,,0,,,0,,,0,,,0,,,0,,,0,,,0,,,,,,0,,,0,,,0,,,0,,,0,,,0,,,0,,,0,,,0,,,0,,,0,,,0,,,0,,,0,,,0,,,0,,,0,,,0,,,0,,,,,,,,,,,,,,,,,,,,,,,,,,,,,,,,,,,,,,,,,,,,,,,,,,,0,,,0,,,0,,,0,,,0,,,0,,,0,,,0,,,0,,,0,,,0,,,0,,,0,,,0,,,0,,,,,,0,,,0,,,0,,,0,,,0,,,0,,,0,,,,,,0,,,0,,,0,,,0,,,0,,,0,,,,,,0,,,0,,,0,,,21,,,0,,,0,,,0,,,0,,,0,,,1,,,0,,,0,,,0,,,1,,,1,,,1,,,0,,,1,,,0,,,1,,,20,,1,0,,,0,,,0,,,0,,,0,,,0,,,0,,,1,,,0,,,1,,,8,,,0,,,0,,,2,,,1,,,1,,,2,,,0,,,0,,,0,,,0,,,0,,,0,,,0,,,0,,,0,,,0,,,0,,,0,,,0,,,0,,,0,,,0,,,0,,,0,,,0,,,0,,,0,,,0,,,0,,,0,,,0,,,0,,,0,,,0,,,0,,,0,,,0,,,0,,,0,,
Maryland,,,,,36,,,,,,,,,,,,4,,,,,,4,,,,,,,,,4,,,6,,,8,,,0,,,0,,,0,,,,,,1,,,37,,,0,,,0,,,0,,,0,,,0,,,1,,,0,,,0,,,1,,,3,,,2,,,0,,,0,,,2,,,,,,0,,,35,,,0,,,0,,,0,,,2,,,2,,,5,,,0,,,0,,,2,,,1,,,0,,,0,,,0,,,10,,,,,,0,,,36,,,0,,,0,,,0,,,1,,,0,,,0,,,0,,,0,,,1,,,1,,,0,,,0,,,0,,,1,,,0,,,0,,,39,,,0,,,0,,,0,,,0,,,0,,,1,,,0,,,0,,,5,,,3,,,0,,,0,,,0,,,4,,,0,,,0,,,36,,,0,,,0,,,0,,,0,,,0,,,,,,0,,,0,,,4,,,3,,,0,,,0,,,0,,,4,,,0,,,0,,,39,,,0,,,0,,,0,,,0,,,0,,,1,,,0,,,0,,,2,,,2,,,1,,,0,,,0,,,0,,,0,,,0,,,41,,,0,,,0,,,0,,,2,,,0,,,2,,,0,,,1,,,1,,,1,,,1,,,0,,,0,,,6,,,0,,,0,,,28,,,0,,,0,,,0,,,1,,,0,,,1,,,0,,,0,,,0,,,1,,,0,,,0,,,0,,,1,,,0,,,0,,,3,,,0,,,0,,,0,,,1,,,0,,,0,,,0,,,0,,,0,,,0,,,0,,,0,,,0,,,1,,,0,,,0,,,42,,,0,,,0,,,0,,,0,,,1,,,0,,,0,,,0,,,3,,,1,,,1,,,0,,,0,,,3,,,0,,,0,,
Massachusetts ,,,,,66,,,,,,1,,,,,,,,,,,,,,,,,,,,,,,,,,,0,,,0,,,0,,,1,,,,,,0,,,34,,,0,,,0,,,0,,,0,,,0,,,0,,,0,,,2,,,2,,,2,,,2,,,0,,,0,,,0,,,,,,0,,,13,,,0,,,0,,,0,,,1,,,0,,,0,,,0,,,0,,,2,,,3,,,3,,,0,,,0,,,0,,,,,,0,,,25,,,0,,,0,,,0,,,1,,,0,,,0,,,1,,,2,,,5,,,9,,,10,,,0,,,0,,,0,,,0,,,0,,,51,,,,,,,,,,,,,,,,,,0,,,0,,,1,,,12,,,9,,,0,,,0,,,0,,,0,,,0,,,0,,,28,,,0,,,0,,,0,,,1,,,0,,,0,,,1,,,2,,,5,,,10,,,11,,,0,,,0,,,0,,,0,,,0,,,10,,,,,,0,,,0,,,0,,,0,,,0,,,0,,,0,,,0,,,0,,,1,,,0,,,0,,,0,,,0,,,0,,,0,,,0,,,0,,,0,,,0,,,0,,,0,,,0,,,0,,,0,,,0,,,0,,,0,,,0,,,0,,,0,,,0,,,9,,,,,,,,,0,,,0,,,0,,,0,,,0,,,0,,,0,,,0,,,0,,,0,,,0,,,0,,,0,,,0,,,13,,,0,,,0,,,0,,,0,,,0,,,0,,,0,,,0,,,0,,,0,,,0,,,0,,,0,,,0,,,0,,,0,,,18,,,0,,,0,,,0,,,0,,,0,,,0,,,0,,,0,,,0,,,0,,,0,,,0,,,0,,,0,,,0,,,0,,
Michigan,,,,,40,,,0,,,0,,,0,,,3,,,0,,,1,,,0,,,7,,,8,,,5,,,1,,,1,,,0,,,5,,,,,,1,,,43,,,0,,,2,,,1,,,1,,,0,,,1,,,1,,,1,,,3,,,4,,,7,,,4,,,0,,,0,,,,,,2,,,48,,,0,,,0,,,0,,,1,,,0,,,0,,,0,,,1,,,7,,,1,,,2,,,0,,,0,,,0,,,,,,0,,,13,,,0,,,1,,,0,,,1,,,0,,,0,,,0,,,2,,,5,,,5,,,0,,,0,,,0,,,7,,,0,,,0,,,46,,,0,,,0,,,0,,,0,,,0,,,0,,,0,,,2,,,5,,,6,,,2,,,0,,,0,,,0,,,0,,,0,,,19,,,0,,,0,,,0,,,0,,,0,,,0,,,0,,,0,,,1,,,3,,,5,,,0,,,0,,,5,,,0,,,1,,,28,,,0,,,5,,,0,,,1,,,0,,,1,,,0,,,1,,,5,,,3,,,1,,,0,,,0,,,4,,,0,,,0,,,60,,,0,,,1,,,0,,,1,,,0,,,0,,,0,,,1,,,5,,,4,,,2,,,0,,,0,,,4,,,0,,,1,,,24,,,0,,,2,,,0,,,4,,,0,,,3,,,0,,,2,,,7,,,5,,,2,,,0,,,0,,,2,,,0,,,0,,,22,,,0,,,1,,,0,,,1,,,0,,,3,,,0,,,2,,,4,,,3,,,3,,,0,,,0,,,4,,,0,,,1,,,39,,,0,,,0,,,0,,,0,,,0,,,0,,,0,,,0,,,0,,,0,,,0,,,0,,,0,,,0,,,0,,,0,,
Minnesota,,,,,18,,,0,,,1,,,1,,,10,,,0,,,2,,,0,,,7,,,17,,,13,,,8,,,5,,,,,,4,,,,,,5,,,17,,,0,,,0,,,0,,,6,,,0,,,5,,,0,,,3,,,10,,,7,,,11,,,7,,,0,,,4,,,,,,7,,,28,,,0,,,1,,,0,,,17,,,2,,,4,,,0,,,2,,,5,,,4,,,18,,,10,,,0,,,9,,,,,,10,,,24,,,0,,,6,,,2,,,9,,,1,,,2,,,1,,,0,,,7,,,0,,,15,,,10,,,0,,,5,,,4,,,10,,,13,,,0,,,3,,,0,,,1,,,1,,,3,,,2,,,0,,,3,,,3,,,10,,,5,,,0,,,4,,,6,,,5,,,19,,,0,,,4,,,0,,,17,,,1,,,4,,,1,,,6,,,17,,,16,,,13,,,4,,,0,,,12,,,12,,,4,,,25,,,0,,,13,,,0,,,9,,,1,,,8,,,1,,,1,,,32,,,49,,,18,,,10,,,0,,,7,,,11,,,10,,,24,,,0,,,9,,,0,,,6,,,1,,,4,,,2,,,10,,,35,,,45,,,30,,,6,,,0,,,3,,,7,,,6,,,27,,,0,,,8,,,0,,,13,,,0,,,2,,,0,,,13,,,25,,,26,,,0,,,0,,,0,,,0,,,0,,,0,,,9,,,0,,,6,,,0,,,4,,,0,,,6,,,0,,,0,,,11,,,20,,,18,,,5,,,0,,,1,,,9,,,4,,,14,,,0,,,5,,,0,,,2,,,4,,,0,,,3,,,2,,,15,,,29,,,18,,,3,,,0,,,5,,,3,,,3,,
Mississippi,,,,,26,,,0,,,0,,,0,,,0,,,0,,,1,,,0,,,0,,,2,,,2,,,5,,,0,,,0,,,0,,,,,,0,,,35,,,0,,,0,,,0,,,0,,,0,,,0,,,0,,,0,,,4,,,2,,,0,,,0,,,0,,,4,,,,,,0,,,33,,,0,,,0,,,0,,,0,,,0,,,0,,,0,,,0,,,0,,,0,,,0,,,0,,,0,,,0,,,,,,0,,,28,,,0,,,0,,,0,,,0,,,0,,,0,,,1,,,2,,,3,,,1,,,1,,,0,,,0,,,4,,,0,,,0,,,37,,,0,,,0,,,0,,,0,,,0,,,1,,,0,,,1,,,2,,,3,,,0,,,0,,,,,,0,,,0,,,0,,,0,,1,0,,,0,,,0,,,0,,,0,,,0,,,0,,,0,,,0,,,2,,,0,,,0,,,0,,,0,,,0,,,0,,,35,,1,0,,,17,,,0,,,0,,,0,,,6,,,0,,,0,,,5,,,7,,,0,,,0,,,0,,,0,,,0,,,0,,,0,,1,0,,,1,,,0,,,0,,,0,,,1,,,0,,,0,,,3,,,3,,,0,,,0,,,0,,,0,,,0,,,0,,,45,,1,0,,,5,,,0,,,0,,,0,,,4,,,0,,,4,,,17,,,13,,,0,,,0,,,0,,,14,,,0,,,0,,,22,,,0,,,0,,,0,,,0,,,0,,,1,,,0,,,0,,,3,,,1,,,0,,,0,,,0,,,4,,,0,,,0,,,24,,,0,,,1,,,0,,,0,,,0,,,1,,,1,,,0,,,4,,,6,,,0,,,0,,,0,,,13,,,0,,,0,,
Missouri,,,,,20,,,0,,,0,,,1,,,1,,,1,,,3,,,2,,,1,,,5,,,5,,,2,,,1,,,0,,,3,,,,,,0,,,20,,,0,,,0,,,0,,,0,,,1,,,0,,,0,,,0,,,0,,,0,,,0,,,1,,,0,,,0,,,,,,0,,,24,,,0,,,0,,,0,,,1,,,0,,,4,,,0,,,4,,,10,,,6,,,10,,,0,,,1,,,2,,,,,,0,,,24,,,0,,,0,,,0,,,0,,,0,,,6,,,0,,,2,,,10,,,6,,,11,,,0,,,0,,,2,,,0,,,0,,,29,,,0,,,0,,,0,,,0,,,0,,,3,,,0,,,6,,,21,,,9,,,16,,,0,,,0,,,11,,,0,,,0,,,33,,,0,,,0,,,0,,,0,,,0,,,1,,,0,,,1,,,9,,,6,,,8,,,0,,,2,,,11,,,0,,,0,,,28,,,0,,,0,,,0,,,0,,,0,,,1,,,0,,,1,,,7,,,5,,,7,,,0,,,0,,,4,,,0,,,0,,,22,,,0,,,,,,0,,,0,,,0,,,0,,,0,,,0,,,0,,,0,,,0,,,0,,,0,,,0,,,0,,,0,,,25,,1,0,,,0,,,0,,,0,,,3,,,2,,,0,,,0,,,17,,,19,,,14,,,0,,,0,,,6,,,0,,,0,,,4,,,0,,,0,,,0,,,1,,,0,,,0,,,1,,,0,,,1,,,5,,,9,,,0,,,0,,,4,,,0,,,0,,,38,,,0,,,0,,,0,,,0,,,1,,,2,,,0,,,0,,,2,,,3,,,6,,,0,,,0,,,0,,,0,,,0,,
Montana,,,,,31,,,,,,4,,,5,,,7,,,1,,,0,,,4,,,7,,,9,,,11,,,4,,,0,,,0,,,0,,,,,,0,,,28,,,0,,,0,,,0,,,1,,,0,,,0,,,0,,,5,,,7,,,9,,,0,,,0,,,0,,,0,,,,,,0,,,32,,,0,,,3,,,0,,,3,,,1,,,2,,,2,,,4,,,7,,,8,,,0,,,0,,,0,,,0,,,,,,0,,,26,,3,0,,,0,,,0,,,1,,,0,,,0,,,0,,,0,,,6,,,4,,,0,,,0,,,0,,,0,,,0,,,0,,,26,,,0,,,1,,,0,,,6,,,3,,,2,,,6,,,6,,,10,,,9,,,1,,,0,,,0,,,0,,,0,,,0,,,20,,3,0,,,5,,,0,,,2,,,1,,,0,,,0,,,8,,,8,,,6,,,0,,,0,,,0,,,0,,,0,,,0,,,20,,,0,,,4,,,0,,,4,,,1,,,1,,,1,,,4,,,10,,,9,,,0,,,0,,,0,,,0,,,0,,,0,,,10,,,0,,,3,,,0,,,2,,,0,,,2,,,0,,,0,,,6,,,5,,,,,,0,,,0,,,,,,0,,,0,,,25,,,0,,,3,,,0,,,2,,,0,,,6,,,1,,,1,,,8,,,8,,,1,,,0,,,0,,,0,,,0,,,0,,,14,,,0,,,3,,,0,,,0,,,0,,,1,,,2,,,0,,,5,,,5,,,1,,,0,,,0,,,0,,,0,,,0,,,23,,,0,,,0,,,0,,,3,,,0,,,1,,,0,,,0,,,8,,,7,,,0,,,0,,,0,,,0,,,0,,,0,,
Nebraska,,,,,19,,,,,,1,,,,,,2,,,,,,1,,,,,,2,,,2,,,3,,,2,,,,,,,,,,,,,,,,,,25,,2,0,,,0,,,0,,,0,,,1,,,0,,,0,,,3,,,8,,,0,,,7,,,0,,,0,,,0,,,,,,0,,,20,,3,0,,,4,,,0,,,0,,,0,,,0,,,0,,,1,,,5,,,0,,,0,,,0,,,0,,,0,,,,,,0,,,20,,1,0,,,0,,,0,,,1,,,1,,,2,,,0,,,0,,,1,,,0,,,1,,,0,,,0,,,2,,,0,,,0,,,4,,1,,,,0,,,0,,,0,,,0,,,,,,0,,,0,,,0,,,0,,,0,,,0,,,0,,,,,,0,,,0,,,21,,,,,,0,,,0,,,0,,,0,,,0,,,0,,,0,,,0,,,0,,,0,,,0,,,0,,,0,,,0,,,0,,,5,,,0,,,0,,,0,,,0,,,0,,,1,,,0,,,0,,,0,,,0,,,0,,,0,,,0,,,0,,,0,,,0,,,5,,1,0,,,1,,,0,,,1,,,4,,,2,,,0,,,2,,,1,,,1,,,0,,,0,,,0,,,0,,,0,,,0,,,7,,,0,,,1,,,0,,,0,,,0,,,0,,,1,,,1,,,0,,,0,,,0,,,0,,,0,,,0,,,0,,,0,,,3,,,0,,,0,,,0,,,1,,,0,,,0,,,0,,,0,,,0,,,0,,,0,,,0,,,0,,,1,,,0,,,0,,,8,,,0,,,0,,,0,,,0,,,1,,,0,,,0,,,0,,,1,,,3,,,1,,,0,,,0,,,0,,,0,,,0,,
Nevada,,,,,15,,,,,,1,,,,,,4,,,,,,,,,2,,,,,,5,,,5,,,8,,,,,,,,,,,,,,,1,,,14,,,0,,,0,,,0,,,7,,,0,,,0,,,0,,,0,,,7,,,2,,,4,,,0,,,0,,,2,,,,,,2,,,15,,,0,,,0,,,0,,,2,,,0,,,1,,,0,,,3,,,1,,,3,,,5,,,0,,,0,,,1,,,,,,0,,,12,,,0,,,0,,,0,,,2,,,0,,,0,,,0,,,0,,,1,,,2,,,4,,,0,,,0,,,0,,,0,,,0,,,14,,,0,,,2,,,,,,7,,,0,,,3,,,,,,7,,,2,,,5,,,7,,,,,,2,,,1,,,,,,3,,,14,,,0,,,2,,,0,,,7,,,0,,,3,,,0,,,7,,,2,,,5,,,7,,,0,,,2,,,1,,,0,,,3,,,13,,4,0,,,0,,,0,,,1,,,0,,,2,,,0,,,0,,,2,,,3,,,1,,,0,,,0,,,2,,,0,,,2,,,12,,,0,,,0,,,0,,,0,,,0,,,0,,,0,,,3,,,1,,,1,,,2,,,0,,,0,,,0,,,0,,,0,,,9,,,0,,,7,,,0,,,0,,,0,,,0,,,0,,,6,,,3,,,4,,,3,,,0,,,0,,,0,,,0,,,0,,,11,,,0,,,3,,,0,,,0,,,2,,,1,,,0,,,0,,,2,,,3,,,1,,,0,,,0,,,0,,,0,,,1,,,8,,,0,,,5,,,0,,,0,,,0,,,1,,,0,,,3,,,3,,,5,,,3,,,0,,,0,,,0,,,0,,,0,,
New Hampshire,,,,,60,,,,,,,,,,,,,,,,,,1,,,,,,,,,6,,,2,,,1,,,0,,,0,,,0,,,,,,0,,,61,,,0,,,0,,,0,,,0,,,0,,,0,,,0,,,0,,,1,,,2,,,6,,,0,,,0,,,0,,,,,,0,,,63,,,0,,,0,,,0,,,0,,,0,,,0,,,0,,,0,,,4,,,2,,,9,,,0,,,0,,,0,,,,,,0,,,61,,,0,,,0,,,0,,,0,,,0,,,0,,,0,,,0,,,4,,,1,,,9,,,0,,,0,,,0,,,0,,,0,,,60,,,0,,,0,,,0,,,0,,,0,,,0,,,0,,,0,,,0,,,1,,,2,,,0,,,0,,,0,,,0,,,0,,,50,,,0,,,0,,,0,,,0,,,0,,,0,,,0,,,0,,,1,,,1,,,1,,,0,,,0,,,0,,,0,,,0,,,40,,,0,,,,,,0,,,0,,,0,,,0,,,0,,,0,,,0,,,0,,,3,,,0,,,0,,,0,,,0,,,0,,,40,,,0,,,0,,,0,,,0,,,0,,,0,,,0,,,0,,,3,,,2,,,14,,,0,,,0,,,0,,,0,,,0,,,45,,,0,,,0,,,0,,,0,,,0,,,0,,,0,,,0,,,4,,,1,,,7,,,0,,,0,,,5,,,0,,,0,,,18,,,0,,,1,,,0,,,0,,,0,,,2,,,0,,,0,,,3,,,0,,,2,,,0,,,0,,,4,,,0,,,0,,,41,,,0,,,0,,,0,,,0,,,0,,,1,,,0,,,1,,,3,,,2,,,13,,,0,,,0,,,2,,,0,,,0,,
New Jersey,,,,,185,,,,,,63,,,,,,8,,,,,,,,,,,,,,,16,,,78,,,73,,,44,,,,,,,,,,,,44,,,181,,,0,,,79,,,0,,,0,,,0,,,0,,,0,,,2,,,22,,,58,,,53,,,18,,,0,,,0,,,,,,18,,,112,,20,0,,,38,,,0,,,2,,,0,,,0,,,0,,,10,,,10,,,8,,,25,,,1,,,0,,,0,,,,,,1,,,135,,14,0,,,26,,,0,,,2,,,0,,,0,,,0,,,4,,,4,,,16,,,27,,,0,,,0,,,0,,,0,,,0,,,174,,,0,,,0,,,0,,,1,,,1,,,0,,,0,,,0,,,10,,,20,,,112,,,0,,,0,,,1,,,0,,,1,,,442,,,0,,,20,,,0,,,10,,,0,,,0,,,0,,,16,,,0,,,50,,,61,,,0,,,0,,,0,,,0,,,0,,,66,,,0,,,4,,,3,,,3,,,0,,,0,,,0,,,16,,,0,,,9,,,0,,,0,,,0,,,23,,,0,,,2,,,66,,,0,,,82,,,0,,,2,,,0,,,0,,,0,,,2,,,1,,,20,,,0,,,0,,,0,,,51,,,0,,,21,,,34,,,0,,,3,,,0,,,7,,,0,,,0,,,0,,,3,,,11,,,86,,,131,,,0,,,0,,,10,,,0,,,10,,,78,,,0,,,9,,,0,,,1,,,10,,,2,,,0,,,66,,,0,,,63,,,0,,,0,,,0,,,99,,,0,,,60,,,71,,,0,,,3,,,0,,,7,,,2,,,2,,,14,,,15,,,15,,,25,,,41,,,14,,,0,,,0,,,0,,,0,,
New Mexico,,,,,58,,,0,,,3,,,2,,,4,,,0,,,2,,,6,,,0,,,12,,,11,,,17,,,0,,,0,,,10,,,,,,0,,,34,,,0,,,0,,,0,,,1,,,0,,,0,,,0,,,0,,,2,,,2,,,2,,,0,,,1,,,1,,,,,,0,,,23,,,0,,,0,,,0,,,0,,,0,,,0,,,0,,,0,,,0,,,1,,,1,,,0,,,0,,,0,,,,,,0,,,26,,,0,,,0,,,0,,,0,,,0,,,0,,,0,,,0,,,1,,,3,,,0,,,0,,,0,,,1,,,0,,,0,,,28,,1,0,,,0,,,0,,,0,,,0,,,0,,,0,,,0,,,10,,,8,,,0,,,0,,,0,,,0,,,0,,,0,,,27,,1,0,,,1,,,1,,,1,,,1,,,1,,,0,,,0,,,0,,,0,,,0,,,0,,,0,,,0,,,0,,,0,,,38,,,,,,,,,0,,,0,,,0,,,0,,,0,,,0,,,0,,,0,,,0,,,0,,,0,,,0,,,0,,,0,,,23,,1,0,,,0,,,2,,,2,,,0,,,4,,,3,,,5,,,4,,,5,,,0,,,0,,,0,,,0,,,0,,,0,,,15,,,0,,,0,,,0,,,0,,,1,,,1,,,0,,,0,,,4,,,4,,,0,,,0,,,0,,,0,,,0,,,0,,,6,,,0,,,0,,,0,,,2,,,0,,,0,,,1,,,0,,,2,,,2,,,0,,,0,,,0,,,0,,,0,,,0,,,18,,,0,,,0,,,0,,,0,,,0,,,0,,,0,,,0,,,1,,,0,,,0,,,0,,,0,,,0,,,0,,,0,,
New York,,,,,36,,1,,,,,,,,,,1,,,,,,1,,,,,,3,,,10,,,5,,,12,,,5,,,,,,,,,,,,5,,,30,,,0,,,1,,,0,,,1,,,0,,,0,,,0,,,4,,,6,,,7,,,8,,,7,,,0,,,0,,,,,,7,,,41,,15,0,,,0,,,2,,,5,,,0,,,0,,,0,,,5,,,17,,,12,,,4,,,2,,,0,,,0,,,,,,2,,,63,,36,0,,,1,,,0,,,7,,,3,,,4,,,1,,,2,,,18,,,12,,,35,,,3,,,0,,,1,,,1,,,3,,,3,,1,,,,1,,,,,,1,,,1,,,,,,1,,,1,,,1,,,1,,,1,,,,,,,,,,,,,,,,,,12,,,0,,,0,,,0,,,0,,,0,,,0,,,0,,,0,,,2,,,2,,,2,,,5,,,0,,,0,,,0,,,5,,,19,,,0,,,0,,,0,,,1,,,0,,,0,,,0,,,0,,,7,,,7,,,8,,,2,,,0,,,0,,,0,,,2,,,20,,,0,,,1,,,1,,,1,,,1,,,1,,,0,,,1,,,3,,,5,,,2,,,2,,,0,,,0,,,0,,,2,,,23,,,0,,,0,,,0,,,1,,,0,,,1,,,0,,,3,,,7,,,6,,,9,,,6,,,0,,,0,,,0,,,6,,,12,,,0,,,0,,,0,,,1,,,0,,,3,,,1,,,1,,,3,,,3,,,1,,,4,,,0,,,0,,,0,,,4,,,10,,,0,,,0,,,0,,,1,,,0,,,0,,,2,,,0,,,1,,,1,,,1,,,1,,,0,,,0,,,1,,,1,,
North Carolina,,,,,363,,,,,,,,,,,,6,,,,,,9,,,,,,2,,,27,,,20,,,3,,,9,,,0,,,41,,,,,,9,,,333,,,0,,,0,,,0,,,4,,,0,,,15,,,0,,,3,,,25,,,20,,,1,,,3,,,0,,,47,,,,,,3,,,419,,,0,,,0,,,0,,,1,,,0,,,8,,,0,,,7,,,42,,,32,,,1,,,4,,,0,,,54,,,,,,1,,,379,,,0,,,0,,,0,,,6,,,0,,,9,,,1,,,5,,,29,,,35,,,0,,,3,,,0,,,76,,,0,,,3,,,395,,,,,,,,,,,,4,,,,,,2,,,1,,,,,,25,,,38,,,0,,,3,,,0,,,55,,,0,,,3,,,369,,,0,,,0,,,1,,,4,,,1,,,2,,,1,,,3,,,56,,,25,,,1,,,4,,,0,,,52,,,0,,,4,,,280,,1,42,,,0,,,0,,,0,,,0,,,6,,,2,,,14,,,16,,,26,,,1,,,1,,,0,,,40,,,0,,,1,,,369,,,0,,,0,,,0,,,3,,,0,,,5,,,1,,,1,,,36,,,44,,,0,,,1,,,0,,,64,,,0,,,1,,,443,,1,0,,,0,,,0,,,0,,,0,,,5,,,0,,,1,,,55,,,59,,,0,,,1,,,0,,,35,,,0,,,1,,,271,,,0,,,0,,,0,,,0,,,0,,,2,,,0,,,0,,,17,,,27,,,49,,,0,,,0,,,0,,,0,,,0,,,354,,,0,,,0,,,0,,,1,,,5,,,1,,,1,,,2,,,44,,,39,,,0,,,0,,,0,,,60,,,0,,,0,,
North Dakota,,,,,16,,,,,,,,,,,,,,,,,,,,,,,,,,,,,,,,,,,,,,,,,,,,,,,,,,,16,,,0,,,1,,,0,,,1,,,0,,,1,,,0,,,0,,,2,,,2,,,3,,,0,,,0,,,0,,,,,,3,,,15,,,0,,,2,,,0,,,0,,,0,,,0,,,0,,,0,,,0,,,0,,,2,,,0,,,0,,,0,,,,,,0,,,15,,,0,,,0,,,0,,,0,,,0,,,0,,,0,,,0,,,0,,,0,,,0,,,0,,,0,,,0,,,0,,,0,,,16,,,0,,,1,,,0,,,0,,,0,,,0,,,0,,,0,,,0,,,0,,,1,,,0,,,0,,,0,,,0,,,0,,,12,,,0,,,0,,,0,,,0,,,0,,,0,,,0,,,0,,,0,,,0,,,0,,,0,,,0,,,0,,,0,,,0,,,14,,,0,,,0,,,0,,,0,,,0,,,0,,,0,,,0,,,0,,,0,,,0,,,0,,,0,,,0,,,0,,,0,,,14,,,0,,,0,,,0,,,0,,,0,,,0,,,0,,,0,,,0,,,0,,,0,,,0,,,0,,,0,,,0,,,0,,,15,,,0,,,0,,,0,,,0,,,0,,,0,,,0,,,0,,,0,,,0,,,0,,,0,,,0,,,0,,,0,,,0,,,9,,,0,,,0,,,0,,,0,,,0,,,0,,,0,,,0,,,0,,,0,,,0,,,0,,,0,,,0,,,0,,,0,,,12,,,0,,,0,,,0,,,0,,,0,,,0,,,0,,,0,,,0,,,0,,,0,,,0,,,0,,,0,,,0,,,0,,
Ohio,,,,,19,,,,,,,,,,,,,,,,,,2,,,,,,2,,,4,,,4,,,,,,,,,,,,7,,,,,,,,,10,,,0,,,0,,,0,,,0,,,0,,,1,,,0,,,0,,,4,,,2,,,0,,,0,,,0,,,5,,,,,,0,,,10,,,0,,,0,,,0,,,0,,,0,,,3,,,0,,,2,,,3,,,1,,,0,,,0,,,0,,,0,,,,,,0,,,8,,,0,,,0,,,0,,,0,,,0,,,0,,,0,,,0,,,2,,,3,,,0,,,0,,,0,,,4,,,0,,,0,,,10,,,,,,,,,,,,,,,,,,,,,,,,0,,,1,,,1,,,0,,,0,,,0,,,0,,,0,,,0,,,8,,,0,,,0,,,0,,,0,,,0,,,1,,,0,,,0,,,2,,,1,,,0,,,0,,,0,,,2,,,0,,,0,,,21,,,0,,,0,,,0,,,0,,,1,,,2,,,0,,,0,,,3,,,3,,,0,,,0,,,0,,,6,,,0,,,0,,,21,,,0,,,9,,,0,,,5,,,0,,,10,,,0,,,0,,,4,,,6,,,0,,,0,,,0,,,14,,,0,,,0,,,24,,,0,,,2,,,0,,,2,,,1,,,9,,,2,,,1,,,5,,,5,,,1,,,0,,,0,,,14,,,0,,,0,,,25,,,0,,,0,,,0,,,3,,,0,,,5,,,0,,,1,,,12,,,11,,,7,,,0,,,1,,,10,,,0,,,0,,,25,,,0,,,0,,,0,,,4,,,0,,,5,,,0,,,1,,,5,,,7,,,8,,,0,,,0,,,5,,,0,,,0,,
Oklahoma,,,,,40,,,,,,3,,,,,,,,,,,,,,,,,,,,,1,,,5,,,3,,,0,,,0,,,0,,,,,,0,,,36,,,0,,,0,,,0,,,0,,,0,,,0,,,0,,,0,,,2,,,6,,,7,,,0,,,0,,,0,,,,,,0,,,31,,,0,,,0,,,0,,,0,,,0,,,0,,,0,,,1,,,0,,,4,,,5,,,0,,,0,,,0,,,,,,0,,,30,,,0,,,0,,,0,,,0,,,0,,,0,,,0,,,0,,,3,,,3,,,3,,,0,,,0,,,0,,,0,,,0,,,25,,,0,,,0,,,0,,,0,,,0,,,0,,,0,,,1,,,4,,,5,,,7,,,0,,,0,,,0,,,0,,,0,,,25,,,0,,,0,,,0,,,1,,,0,,,2,,,0,,,4,,,1,,,5,,,6,,,0,,,0,,,0,,,0,,,0,,,19,,,0,,,0,,,0,,,0,,,0,,,0,,,0,,,0,,,0,,,1,,,1,,,0,,,0,,,0,,,0,,,0,,,16,,,0,,,0,,,0,,,0,,,2,,,1,,,0,,,0,,,0,,,2,,,2,,,0,,,0,,,0,,,0,,,0,,,20,,,0,,,0,,,0,,,1,,,1,,,2,,,0,,,3,,,6,,,7,,,8,,,0,,,0,,,0,,,0,,,0,,,10,,,0,,,0,,,0,,,0,,,0,,,0,,,0,,,1,,,1,,,5,,,6,,,0,,,0,,,0,,,0,,,0,,,8,,,0,,,0,,,0,,,0,,,2,,,0,,,0,,,0,,,0,,,1,,,0,,,0,,,0,,,0,,,0,,,0,,
Oregon ,,,,,58,,,0,,,0,,,0,,,18,,,1,,,10,,,0,,,10,,,47,,,22,,,0,,,10,,,0,,,24,,,,,,10,,,81,,,0,,,12,,,0,,,24,,,2,,,35,,,0,,,5,,,56,,,32,,,0,,,14,,,0,,,45,,,,,,14,,,63,,,0,,,0,,,1,,,0,,,17,,,0,,,25,,,0,,,5,,,51,,,0,,,11,,,0,,,28,,,,,,11,,,61,,,0,,,0,,,0,,,24,,,1,,,19,,,0,,,2,,,52,,,26,,,0,,,15,,,0,,,29,,,0,,,15,,,46,,,0,,,0,,,0,,,16,,,2,,,19,,,1,,,4,,,31,,,10,,,0,,,12,,,0,,,15,,,0,,,12,,,37,,,0,,,0,,,0,,,15,,,1,,,21,,,0,,,4,,,36,,,14,,,0,,,11,,,0,,,17,,,0,,,11,,,23,,,0,,,0,,,0,,,10,,,2,,,26,,,5,,,3,,,35,,,18,,,0,,,7,,,0,,,17,,,0,,,13,,,41,,,0,,,0,,,0,,,5,,,5,,,11,,,0,,,2,,,35,,,28,,,0,,,0,,,0,,,25,,,0,,,13,,,34,,,0,,,0,,,1,,,3,,,2,,,7,,,0,,,3,,,21,,,20,,,0,,,0,,,0,,,7,,,0,,,15,,,0,,,0,,,0,,,0,,,0,,,0,,,0,,,0,,,0,,,0,,,0,,,0,,,0,,,0,,,0,,,0,,,0,,,0,,,0,,,0,,,0,,,0,,,0,,,0,,,0,,,0,,,0,,,0,,,0,,,0,,,0,,,0,,,0,,,0,,
Pennsylvania,,,,,150,,,,,,6,,,,,,,,,,,,,,,,,,3,,,1,,,6,,,1,,,3,,,0,,,7,,,,,,3,,,70,,,0,,,5,,,0,,,2,,,1,,,0,,,0,,,4,,,1,,,2,,,6,,,3,,,0,,,0,,,,,,9,,,76,,,0,,,4,,,0,,,2,,,1,,,0,,,0,,,6,,,1,,,3,,,13,,,3,,,0,,,0,,,,,,3,,,69,,,0,,,0,,,0,,,1,,,0,,,0,,,0,,,5,,,2,,,3,,,1,,,2,,,0,,,1,,,0,,,0,,,57,,,0,,,2,,,0,,,0,,,0,,,1,,,0,,,3,,,3,,,9,,,11,,,15,,,0,,,0,,,0,,,1,,,63,,,0,,,0,,,0,,,0,,,0,,,3,,,0,,,2,,,2,,,8,,,15,,,15,,,0,,,0,,,0,,,2,,,64,,1,0,,,5,,,0,,,1,,,6,,,3,,,1,,,3,,,17,,,27,,,28,,,27,,,0,,,0,,,0,,,10,,,62,,,0,,,0,,,0,,,1,,,0,,,4,,,0,,,0,,,8,,,6,,,10,,,2,,,0,,,0,,,0,,,2,,,67,,,0,,,0,,,0,,,0,,,0,,,4,,,0,,,0,,,3,,,3,,,4,,,7,,,0,,,0,,,0,,,4,,,20,,,0,,,2,,,0,,,0,,,0,,,3,,,0,,,0,,,3,,,4,,,6,,,0,,,0,,,0,,,0,,,4,,,61,,,0,,,0,,,0,,,0,,,0,,,0,,,0,,,0,,,0,,,0,,,0,,,0,,,0,,,0,,,0,,,0,,
Puerto Rico,,,,,37,,,0,,,0,,,0,,,1,,,0,,,0,,,0,,,3,,,2,,,3,,,1,,,0,,,0,,,2,,,,,,0,,,54,,27,0,,,0,,,2,,,6,,,0,,,2,,,1,,,1,,,9,,,8,,,12,,,1,,,1,,,5,,,,,,1,,,42,,,0,,,0,,,0,,,3,,,0,,,2,,,0,,,10,,,8,,,15,,,11,,,1,,,0,,,19,,,,,,1,,,35,,,0,,,0,,,1,,,2,,,1,,,0,,,0,,,4,,,6,,,7,,,2,,,0,,,0,,,3,,,0,,,0,,,27,,15,0,,,7,,,0,,,11,,,0,,,9,,,0,,,15,,,15,,,15,,,3,,,0,,,0,,,13,,,0,,,0,,,12,,,0,,,1,,,1,,,1,,,1,,,2,,,1,,,5,,,2,,,3,,,0,,,0,,,1,,,4,,,0,,,0,,,,,,,,,,,,,,,,,,,,,,,,,,,,,,,,,,,,,,,0,,,,,,,,,,,,,,,1,,,0,,,0,,,0,,,0,,,0,,,0,,,0,,,1,,,1,,,1,,,0,,,0,,,0,,,0,,,0,,,0,,,19,,,0,,,0,,,0,,,2,,,1,,,4,,,0,,,10,,,10,,,10,,,4,,,1,,,0,,,0,,,0,,,0,,,7,,,0,,,3,,,0,,,0,,,0,,,2,,,0,,,0,,,0,,,1,,,3,,,0,,,0,,,0,,,0,,,0,,,18,,,0,,,4,,,4,,,4,,,0,,,6,,,4,,,4,,,5,,,9,,,0,,,0,,,0,,,0,,,1,,,0,,
Rhode Island,,,,,12,,,,,,,,,,,,,,,,,,,,,,,,2,,,4,,,3,,,1,,,0,,,0,,,3,,,,,,0,,,13,,,0,,,0,,,0,,,0,,,0,,,1,,,0,,,0,,,6,,,6,,,0,,,0,,,0,,,6,,,,,,0,,,15,,,0,,,0,,,0,,,0,,,0,,,1,,,0,,,0,,,4,,,3,,,6,,,0,,,0,,,4,,,,,,0,,,13,,,0,,,0,,,0,,,0,,,0,,,1,,,0,,,0,,,4,,,2,,,1,,,0,,,0,,,6,,,0,,,0,,,13,,,,,,,,,,,,,,,,,,,,,,,,0,,,8,,,9,,,4,,,0,,,0,,,4,,,0,,,0,,,15,,,0,,,0,,,0,,,0,,,0,,,1,,,0,,,0,,,8,,,7,,,7,,,0,,,0,,,3,,,0,,,0,,,16,,,0,,,0,,,0,,,0,,,0,,,2,,,0,,,0,,,7,,,6,,,7,,,0,,,0,,,3,,,0,,,0,,,3,,,0,,,0,,,0,,,13,,,0,,,8,,,0,,,8,,,9,,,8,,,9,,,0,,,0,,,0,,,0,,,0,,,1,,,0,,,0,,,0,,,0,,,0,,,0,,,0,,,2,,,6,,,2,,,3,,,0,,,0,,,2,,,0,,,0,,,2,,,0,,,0,,,0,,,0,,,0,,,0,,,0,,,2,,,4,,,2,,,3,,,0,,,0,,,3,,,0,,,0,,,1,,,0,,,0,,,0,,,0,,,0,,,0,,,0,,,1,,,6,,,2,,,2,,,0,,,0,,,3,,,0,,,0,,
South Carolina,,,,,71,,,,,,,,,,,,,,,,,,2,,,,,,4,,,11,,,12,,,13,,,0,,,0,,,0,,,,,,0,,,79,,,0,,,0,,,0,,,1,,,0,,,2,,,3,,,5,,,0,,,12,,,16,,,0,,,0,,,0,,,,,,0,,,63,,,0,,,0,,,0,,,1,,,0,,,1,,,0,,,1,,,6,,,16,,,12,,,0,,,0,,,12,,,,,,0,,,3,,,0,,,0,,,0,,,0,,,0,,,0,,,0,,,0,,,0,,,0,,,0,,,0,,,0,,,0,,,0,,,0,,,209,,,0,,,0,,,0,,,9,,,0,,,0,,,1,,,2,,,9,,,33,,,37,,,0,,,0,,,1,,,0,,,0,,,143,,,0,,,7,,,0,,,4,,,0,,,0,,,2,,,9,,,6,,,25,,,21,,,0,,,0,,,0,,,0,,,0,,,140,,,0,,,0,,,0,,,8,,,0,,,1,,,2,,,3,,,9,,,17,,,14,,,0,,,0,,,0,,,0,,,0,,,70,,,0,,,0,,,0,,,0,,,7,,,25,,,0,,,1,,,27,,,29,,,37,,,0,,,0,,,0,,,0,,,0,,,64,,,0,,,0,,,0,,,2,,,0,,,0,,,0,,,2,,,23,,,32,,,20,,,0,,,0,,,0,,,0,,,0,,,69,,,0,,,0,,,0,,,1,,,0,,,2,,,2,,,2,,,16,,,23,,,15,,,0,,,0,,,0,,,0,,,0,,,69,,,0,,,2,,,0,,,2,,,0,,,11,,,0,,,2,,,19,,,30,,,23,,,0,,,0,,,0,,,0,,,0,,
South Dakota,,,,,132,,,,,,,,,,,,,,,,,,,,,,,,1,,,1,,,1,,,1,,,0,,,,,,2,,,,,,,,,101,,,0,,,0,,,0,,,0,,,0,,,1,,,0,,,0,,,1,,,5,,,7,,,0,,,0,,,0,,,,,,0,,,105,,,0,,,0,,,0,,,0,,,0,,,1,,,0,,,3,,,0,,,0,,,3,,,0,,,0,,,1,,,,,,0,,,66,,,0,,,0,,,0,,,4,,,0,,,0,,,1,,,0,,,6,,,19,,,18,,,0,,,0,,,1,,,0,,,0,,,1,,,,,,,,,,,,,,,,,,,,,,,,1,,,1,,,1,,,3,,,0,,,0,,,0,,,,,,0,,,82,,,0,,,,,,0,,,0,,,0,,,0,,,0,,,0,,,0,,,0,,,0,,,0,,,0,,,0,,,0,,,0,,,121,,,0,,,,,,0,,,0,,,0,,,0,,,0,,,0,,,0,,,0,,,0,,,0,,,0,,,,,,0,,,,,,487,,,0,,,0,,,0,,,0,,,0,,,0,,,0,,,0,,,0,,,0,,,0,,,0,,,0,,,0,,,0,,,0,,,370,,,0,,,0,,,0,,,0,,,0,,,0,,,0,,,0,,,0,,,0,,,3,,,0,,,0,,,0,,,0,,,0,,,561,,,0,,,0,,,0,,,0,,,0,,,0,,,0,,,0,,,0,,,0,,,6,,,0,,,0,,,0,,,0,,,1,,,262,,,0,,,0,,,0,,,0,,,0,,,0,,,0,,,0,,,0,,,0,,,0,,,0,,,0,,,0,,,0,,,0,,
Tennessee,,,,,44,,,0,,,0,,,0,,,0,,,0,,,1,,,0,,,1,,,2,,,3,,,5,,,1,,,0,,,0,,,,,,4,,,40,,,0,,,0,,,0,,,0,,,0,,,0,,,0,,,0,,,0,,,1,,,3,,,0,,,0,,,0,,,,,,1,,,54,,,0,,,0,,,0,,,0,,,0,,,0,,,0,,,0,,,0,,,0,,,0,,,0,,,0,,,0,,,,,,3,,,32,,,0,,,0,,,0,,,0,,,0,,,0,,,0,,,0,,,0,,,0,,,0,,,0,,,0,,,0,,,0,,,0,,,35,,,0,,,2,,,0,,,0,,,0,,,0,,,0,,,0,,,2,,,0,,,2,,,0,,,0,,,2,,,0,,,0,,,42,,,0,,,1,,,0,,,0,,,0,,,0,,,0,,,0,,,2,,,1,,,5,,,0,,,0,,,0,,,0,,,0,,,43,,,0,,,0,,,0,,,0,,,0,,,0,,,0,,,0,,,6,,,1,,,7,,,0,,,0,,,0,,,0,,,0,,,39,,,0,,,0,,,0,,,0,,,0,,,0,,,0,,,0,,,0,,,0,,,1,,,0,,,0,,,0,,,0,,,0,,,30,,,0,,,0,,,0,,,0,,,0,,,1,,,2,,,0,,,3,,,2,,,3,,,0,,,0,,,0,,,0,,,0,,,32,,,0,,,0,,,0,,,0,,,0,,,0,,,0,,,0,,,1,,,0,,,0,,,0,,,0,,,0,,,0,,,0,,,28,,,0,,,0,,,0,,,0,,,0,,,0,,,0,,,0,,,0,,,0,,,0,,,0,,,0,,,0,,,0,,,0,,
Texas,,,,,240,,,0,,,0,,,0,,,2,,,0,,,2,,,1,,,1,,,5,,,5,,,2,,,,,,,,,,,,,,,2,,,178,,,0,,,0,,,0,,,0,,,0,,,1,,,1,,,3,,,6,,,11,,,1,,,0,,,0,,,0,,,,,,4,,,65,,,0,,,0,,,1,,,3,,,0,,,3,,,2,,,6,,,6,,,6,,,0,,,0,,,0,,,0,,,,,,4,,,123,,,0,,,0,,,2,,,3,,,0,,,2,,,2,,,2,,,15,,,18,,,0,,,0,,,0,,,0,,,0,,,3,,,87,,,0,,,0,,,2,,,3,,,0,,,3,,,2,,,11,,,19,,,20,,,,,,0,,,0,,,0,,,0,,,0,,,61,,,1,,,0,,,1,,,1,,,0,,,3,,,1,,,6,,,17,,,20,,,0,,,0,,,0,,,0,,,,,,25,,,75,,,0,,,0,,,1,,,0,,,0,,,0,,,1,,,2,,,8,,,8,,,0,,,0,,,0,,,0,,,0,,,18,,,78,,,0,,,0,,,1,,,0,,,0,,,1,,,3,,,10,,,11,,,15,,,3,,,0,,,0,,,0,,,0,,,16,,,84,,,0,,,0,,,0,,,1,,,0,,,1,,,0,,,4,,,7,,,10,,,13,,,0,,,0,,,0,,,0,,,21,,,94,,,0,,,0,,,0,,,1,,,0,,,0,,,0,,,3,,,5,,,6,,,20,,,0,,,0,,,0,,,0,,,4,,,80,,,0,,,0,,,0,,,1,,,0,,,0,,,0,,,0,,,6,,,4,,,1,,,0,,,0,,,0,,,0,,,5,,
Utah,,,,,34,,,0,,,0,,,0,,,0,,,6,,,0,,,6,,,6,,,6,,,6,,,,,,2,,,,,,9,,,,,,2,,,25,,,0,,,0,,,0,,,0,,,0,,,0,,,0,,,1,,,1,,,0,,,0,,,0,,,0,,,2,,,,,,0,,,18,,,0,,,0,,,0,,,0,,,0,,,0,,,0,,,1,,,2,,,0,,,0,,,0,,,0,,,2,,,,,,0,,,7,,,0,,,0,,,0,,,0,,,0,,,0,,,0,,,0,,,0,,,0,,,0,,,0,,,0,,,0,,,0,,,0,,,9,,3,0,,,0,,,0,,,,,,0,,,0,,,0,,,0,,,0,,,0,,,0,,,0,,,0,,,0,,,,,,0,,,15,,,0,,,0,,,0,,,0,,,0,,,0,,,0,,,0,,,0,,,0,,,0,,,0,,,0,,,0,,,0,,,0,,,0,,,0,,,0,,,0,,,0,,,0,,,0,,,0,,,0,,,0,,,0,,,0,,,0,,,0,,,0,,,0,,,0,,,24,,,0,,,0,,,0,,,0,,,0,,,0,,,0,,,0,,,0,,,1,,,0,,,1,,,0,,,0,,,0,,,1,,,34,,,,,,,,,0,,,0,,,0,,,0,,,0,,,0,,,0,,,0,,,0,,,0,,,0,,,0,,,0,,,0,,,90,,,0,,,0,,,0,,,0,,,0,,,0,,,0,,,0,,,0,,,0,,,0,,,0,,,0,,,0,,,0,,,0,,,67,,,0,,,0,,,0,,,0,,,0,,,0,,,0,,,0,,,0,,,1,,,0,,,0,,,0,,,0,,,0,,,1,,
Vermont,,,,,10,,,,,,,,,,,,,,,,,,,,,,,,,,,,,,,,,0,,,0,,,0,,,1,,,,,,0,,,2,,,0,,,0,,,0,,,0,,,0,,,0,,,0,,,0,,,0,,,0,,,0,,,0,,,0,,,0,,,,,,0,,,4,,,0,,,0,,,0,,,0,,,0,,,0,,,0,,,0,,,0,,,0,,,0,,,0,,,0,,,0,,,,,,0,,,2,,,0,,,0,,,0,,,0,,,0,,,0,,,0,,,0,,,0,,,0,,,0,,,0,,,0,,,0,,,0,,,0,,,13,,,0,,,0,,,0,,,0,,,0,,,0,,,0,,,0,,,0,,,0,,,0,,,0,,,0,,,0,,,0,,,0,,,3,,,,,,,,,,,,,,,,,,,,,,,,,,,,,,0,,,,,,0,,,,,,,,,,,,,,,9,,,0,,,0,,,1,,,0,,,0,,,0,,,0,,,0,,,1,,,1,,,0,,,0,,,0,,,0,,,0,,,0,,,12,,,0,,,0,,,0,,,0,,,0,,,0,,,,,,0,,,0,,,0,,,0,,,0,,,0,,,0,,,0,,,0,,,7,,,0,,,0,,,0,,,0,,,0,,,2,,,2,,,1,,,3,,,2,,,0,,,0,,,0,,,0,,,0,,,0,,,3,,,0,,,0,,,0,,,0,,,0,,,5,,,0,,,0,,,1,,,5,,,0,,,0,,,0,,,0,,,0,,,0,,,5,,,0,,,0,,,0,,,0,,,0,,,0,,,0,,,1,,,4,,,6,,,0,,,0,,,0,,,0,,,0,,,0,,
Virgin Islands,,,,,5,,,0,,,0,,,0,,,0,,,0,,,0,,,0,,,0,,,0,,,0,,,0,,,0,,,0,,,0,,,,,,0,,,1,,,0,,,0,,,0,,,0,,,0,,,0,,,0,,,0,,,0,,,0,,,0,,,0,,,0,,,0,,,,,,0,,,5,,,0,,,0,,,0,,,1,,,0,,,0,,,0,,,0,,,0,,,1,,,0,,,0,,,0,,,0,,,,,,0,,,3,,,0,,,0,,,0,,,0,,,0,,,0,,,0,,,0,,,0,,,0,,,0,,,0,,,0,,,0,,,0,,,0,,,5,,,0,,,0,,,0,,,1,,,0,,,0,,,1,,,1,,,0,,,1,,,1,,,0,,,0,,,0,,,1,,,0,,,0,,,,,,,,,,,,,,,,,,,,,,,,,,,,,,0,,,,,,0,,,,,,,,,,,,,,,,,,,,,,,,,,,,,,,,,,,,,,,,,,,,,,,,,,,0,,,,,,,,,,,,,,,2,,,0,,,,,,0,,,0,,,0,,,0,,,0,,,0,,,0,,,0,,,0,,,0,,,0,,,0,,,0,,,0,,,0,,,,,,0,,,0,,,0,,,0,,,0,,,0,,,0,,,0,,,0,,,0,,,0,,,0,,,0,,,0,,,,,,5,,,0,,,0,,,0,,,0,,,0,,,0,,,0,,,0,,,0,,,0,,,0,,,0,,,0,,,0,,,0,,,0,,,0,,,0,,,0,,,0,,,0,,,0,,,0,,,0,,,0,,,0,,,0,,,0,,,0,,,0,,,0,,,0,,,0,,
Virginia,,,,,57,,,,,,,,,,,,,,,,,,,,,,,,,,,,,,,,,0,,,0,,,0,,,0,,,,,,0,,,40,,,0,,,0,,,0,,,0,,,0,,,0,,,0,,,0,,,0,,,0,,,0,,,0,,,0,,,0,,,,,,0,,,57,,,0,,,0,,,0,,,0,,,0,,,0,,,0,,,0,,,0,,,0,,,0,,,0,,,0,,,0,,,,,,0,,,43,,,0,,,0,,,0,,,0,,,0,,,0,,,0,,,0,,,0,,,1,,,0,,,2,,,0,,,0,,,0,,,2,,,51,,,0,,,0,,,0,,,0,,,0,,,0,,,0,,,0,,,0,,,0,,,0,,,0,,,0,,,0,,,0,,,0,,,34,,,,,,,,,,,,,,,,,,,,,,,,0,,,0,,,0,,,,,,0,,,,,,,,,,,,,,,37,,1,0,,,0,,,0,,,0,,,0,,,0,,,0,,,0,,,0,,,0,,,0,,,0,,,0,,,0,,,0,,,0,,,39,,,0,,,0,,,0,,,0,,,0,,,0,,,0,,,0,,,0,,,1,,,0,,,1,,,0,,,0,,,0,,,2,,,35,,,0,,,0,,,0,,,0,,,0,,,1,,,0,,,0,,,2,,,3,,,0,,,0,,,0,,,0,,,0,,,3,,,26,,,0,,,0,,,0,,,0,,,0,,,0,,,0,,,0,,,0,,,0,,,0,,,0,,,0,,,0,,,0,,,0,,,7,,,0,,,0,,,0,,,0,,,0,,,1,,,1,,,1,,,1,,,3,,,0,,,0,,,0,,,0,,,0,,,3,,
Washington,,,,,42,,,0,,,1,,,4,,,35,,,3,,,16,,,24,,,7,,,29,,,14,,,25,,,8,,,0,,,0,,,,,,5,,,40,,,0,,,1,,,1,,,29,,,0,,,9,,,40,,,9,,,23,,,10,,,24,,,0,,,0,,,0,,,,,,0,,,40,,,0,,,0,,,1,,,0,,,52,,,0,,,15,,,24,,,5,,,16,,,26,,,0,,,0,,,7,,,,,,0,,,35,,,0,,,1,,,2,,,20,,,1,,,16,,,0,,,11,,,19,,,25,,,20,,,2,,,0,,,0,,,0,,,2,,,46,,,0,,,2,,,2,,,15,,,0,,,11,,,3,,,7,,,15,,,19,,,0,,,2,,,0,,,0,,,0,,,2,,,37,,3,0,,,1,,,0,,,18,,,0,,,13,,,5,,,7,,,19,,,21,,,12,,,0,,,0,,,0,,,0,,,0,,,52,,,0,,,0,,,3,,,58,,,2,,,12,,,1,,,14,,,86,,,92,,,36,,,3,,,0,,,0,,,0,,,3,,,34,,,0,,,1,,,2,,,39,,,1,,,9,,,8,,,50,,,33,,,67,,,23,,,1,,,0,,,0,,,0,,,1,,,44,,,0,,,1,,,3,,,50,,,3,,,26,,,10,,,34,,,73,,,51,,,40,,,10,,,0,,,0,,,0,,,10,,,38,,,0,,,0,,,0,,,18,,,0,,,25,,,2,,,11,,,54,,,46,,,26,,,2,,,0,,,0,,,0,,,2,,,53,,,0,,,0,,,0,,,26,,,35,,,28,,,5,,,1,,,42,,,20,,,25,,,0,,,0,,,0,,,0,,,0,,
West Virginia,,,,,10,,,,,,,,,,,,,,,,,,,,,,,,,,,1,,,1,,,1,,,0,,,0,,,1,,,,,,0,,,0,,,0,,,0,,,0,,,0,,,0,,,0,,,0,,,0,,,0,,,0,,,0,,,0,,,0,,,0,,,,,,0,,,10,,,0,,,0,,,0,,,0,,,0,,,0,,,0,,,0,,,1,,,0,,,1,,,0,,,0,,,0,,,,,,0,,,9,,,0,,,0,,,0,,,0,,,0,,,0,,,0,,,0,,,0,,,2,,,2,,,0,,,0,,,0,,,0,,,0,,,11,,,0,,,0,,,0,,,0,,,0,,,0,,,0,,,0,,,0,,,2,,,2,,,0,,,0,,,0,,,0,,,0,,,10,,,0,,,0,,,0,,,0,,,0,,,0,,,0,,,0,,,0,,,0,,,0,,,0,,,0,,,0,,,0,,,,,,11,,,0,,,0,,,0,,,0,,,0,,,0,,,0,,,0,,,0,,,0,,,0,,,0,,,0,,,0,,,0,,,0,,,12,,,0,,,0,,,0,,,0,,,0,,,0,,,0,,,0,,,0,,,0,,,0,,,0,,,0,,,0,,,0,,,0,,,11,,,0,,,0,,,0,,,0,,,0,,,0,,,0,,,0,,,0,,,0,,,1,,,0,,,0,,,0,,,0,,,0,,,2,,,0,,,0,,,0,,,0,,,0,,,0,,,0,,,0,,,1,,,2,,,2,,,0,,,0,,,0,,,0,,,0,,,9,,,0,,,0,,,0,,,0,,,0,,,0,,,0,,,0,,,0,,,0,,,0,,,0,,,0,,,0,,,0,,,0,,
Wisconsin,,,,,31,,,0,,,1,,,0,,,2,,,3,,,4,,,0,,,15,,,6,,,21,,,6,,,0,,,0,,,7,,,,,,0,,,28,,,0,,,0,,,0,,,1,,,0,,,1,,,0,,,10,,,5,,,8,,,4,,,0,,,0,,,0,,,,,,0,,,28,,,0,,,0,,,1,,,5,,,3,,,4,,,1,,,12,,,9,,,9,,,5,,,0,,,0,,,13,,,,,,0,,,21,,,0,,,1,,,2,,,1,,,0,,,3,,,0,,,14,,,2,,,11,,,8,,,0,,,0,,,11,,,0,,,0,,,31,,,0,,,2,,,0,,,1,,,1,,,1,,,0,,,5,,,3,,,16,,,8,,,1,,,0,,,9,,,0,,,0,,,35,,,0,,,0,,,0,,,1,,,0,,,4,,,0,,,32,,,14,,,13,,,11,,,1,,,0,,,9,,,0,,,1,,,43,,,0,,,0,,,0,,,6,,,1,,,14,,,7,,,6,,,36,,,28,,,17,,,2,,,0,,,9,,,0,,,0,,,41,,,0,,,0,,,0,,,6,,,0,,,15,,,0,,,2,,,24,,,26,,,19,,,0,,,0,,,9,,,0,,,0,,,50,,,0,,,0,,,0,,,7,,,2,,,12,,,1,,,1,,,19,,,29,,,24,,,1,,,0,,,8,,,0,,,0,,,46,,,0,,,3,,,0,,,11,,,1,,,2,,,0,,,3,,,15,,,21,,,0,,,0,,,0,,,0,,,0,,,0,,,47,,,0,,,8,,,0,,,9,,,0,,,18,,,0,,,15,,,18,,,18,,,86,,,0,,,0,,,0,,,0,,,0,,
Not a current grantee,,,,,11,,11,,,,,,,,,,,,,,,,,,,,,,3,,,1,,,2,,,5,,,1,,,0,,,0,,,,,,,,,7,,8,0,,,0,,,0,,,0,,,0,,,0,,,0,,,0,,,1,,,1,,,2,,,0,,,0,,,0,,,,,,0,,,,,4,,,,,,,,,,,,,,,,,,,,,,,,,,,,,,,,,,,,,,,,,,,,,,,,,,,1,,,,,,,,,,,,,,,,,,,,,,,,,,,,,,,,,,,,,,,,,,,,,,,,,,,3,,,,,,,,,,,,,,,,,,,,,,,,,,,,,,,,,,,,,,,,,,,,,,,,,,,,0,,,0,,,0,,,0,,,0,,,0,,,0,,,,,,0,,,0,,,0,,,0,,,0,,,9,,,0,,,0,,,,,2,,,,,,,,,,,,,,,,,,,,,,,,,,,,,,,,,,,,,,,,,,,,,,,,,0,,,,,,,,,,,,,,,,,,,,,,,,,,,,,,,,,,,,,,,,,,,,,,,,,,,,,2,,,,,,,,,,,,,,,,,,,,,,,,,,,,,,,,,,,,,,,,,,,,,,,,,0,,,0,,,0,,,0,,,0,,,0,,,0,,,0,,,0,,,0,,,0,,,0,,,0,,,0,,,0,,,0,,,0,,,0,,,0,,,0,,,0,,,0,,,0,,,0,,,0,,,0,,,0,,,0,,,0,,,0,,,0,,,0,,,0,,,0,,
Ak-Chin Indian Community,,,,,,1,,,,,,,,,,,,,,,,,,3,,,,,,,,,,,,,,,,,,,,,,,,,,,,,,,,,4,,,0,,,0,,,0,,,0,,,0,,,0,,,0,,,0,,,0,,,0,,,0,,,0,,,0,,,0,,,,,,0,,,4,,,0,,,0,,,0,,,0,,,0,,,0,,,0,,,0,,,0,,,0,,,0,,,0,,,0,,,0,,,,,,0,,,1,,,0,,,0,,,0,,,0,,,0,,,0,,,0,,,0,,,0,,,0,,,0,,,0,,,0,,,0,,,0,,,0,,,4,,,,,,,,,,,,,,,,,,,,,,,,,,,,,,,,,,,,,,,,,,,,,,,,,,,4,,,,,,,,,,,,,,,,,,,,,,,,,,,,,,,,,0,,,,,,,,,,,,,,,,,,4,,,,,,,,,,,,,,,,,,0,,,,,,0,,,0,,,0,,,0,,,,,,0,,,,,,,,,0,,,2,,,,,,,,,,,,,,,,,,,,,,,,,,,,,,,,,,,,,,,,,,,,,,,,,,,,,,,,,,,,,,,,,,,,,,,,,,,,,,,,,,,,,,,,,,,,,,,,,,,,,,6,,,0,,,0,,,0,,,0,,,0,,,0,,,0,,,0,,,1,,,0,,,1,,,0,,,0,,,0,,,0,,,1,,,0,,,0,,,0,,,0,,,0,,,0,,,0,,,0,,,0,,,0,,,0,,,0,,,0,,,0,,,0,,,0,,,0,
Cheyenne River Sioux Tribe,,,,,,0,,,,,,,,,,,,,,,,,,,,,,,,,,,,,,,,,0,,,0,,,0,,,0,,,,,,0,,,0,,,0,,,0,,,0,,,0,,,0,,,0,,,0,,,0,,,0,,,0,,,0,,,0,,,0,,,0,,,,,,0,,,0,,,0,,,0,,,0,,,0,,,0,,,0,,,0,,,0,,,0,,,0,,,0,,,0,,,0,,,0,,,,,,0,,,0,,,0,,,0,,,0,,,0,,,0,,,0,,,0,,,0,,,0,,,0,,,0,,,0,,,0,,,0,,,0,,,0,,,0,,,,,,0,,,0,,,0,,,0,,,0,,,0,,,0,,,0,,,0,,,0,,,0,,,,,,0,,,0,,,0,,,0,,,,,,,,,,,,,,,,,,,,,,,,,,,,,,,,,,,,,,,,,,,,,,,,,,,1,,,,,,,,,,,,,,,,,,0,,,,,,0,,,0,,,1,,,0,,,,,,0,,,,,,,,,0,,,1,,,,,,,,,,,,,,,,,,,,,,,,,,,,,,,,,,,,,,,,,,,,,,,,,,,,,,,,,,,,,,,,,,,,,,,,,,,,,,,,,,,,,,,,,,,,,,,,,,,,,,0,,,0,,,0,,,0,,,0,,,0,,,0,,,0,,,0,,,0,,,0,,,0,,,0,,,0,,,0,,,0,,,0,,,0,,,0,,,0,,,0,,,0,,,0,,,0,,,0,,,0,,,0,,,0,,,0,,,0,,,0,,,0,,,0,,,0,
Cocopah Indian Tribe ,,,,,,,,,,,,,,,,,,,,,,,,,,,,,,,,,,,,,,,,,,,,,,,,,,,,,,,,,0,,,0,,,0,,,0,,,0,,,0,,,0,,,0,,,0,,,0,,,0,,,0,,,0,,,0,,,0,,,,,,0,,,0,,,0,,,0,,,0,,,0,,,0,,,0,,,0,,,0,,,0,,,0,,,0,,,0,,,0,,,0,,,,,,0,,,2,,,0,,,0,,,0,,,0,,,0,,,0,,,0,,,0,,,0,,,0,,,0,,,0,,,0,,,0,,,0,,,0,,,19,,,,,,,,,,,,,,,,,,,,,,,,,,,,,,,,,,,,,,,,,,,,,,,,,,,16,,,0,,,,,,,,,,,,,,,,,,,,,,,,,,,,,,,,,,,,,,,,,,,,,,,,23,,,,,,,,,,,,,,,,,,0,,,,,,0,,,0,,,0,,,0,,,,,,0,,,,,,,,,0,,,25,,,,,,,,,,,,,,,,,,,,,,,,,,,,,,,,,,,,,,,,,,,,,,,,,,,,,,,,,,,,,,,,,,,,,,,,,,,,,,,,,,,,,,,,,,,,,,,,,,,,,,35,,,0,,,0,,,0,,,0,,,0,,,0,,,0,,,0,,,0,,,0,,,0,,,0,,,0,,,0,,,0,,,0,,,25,,,0,,,0,,,0,,,0,,,0,,,0,,,0,,,0,,,0,,,0,,,0,,,0,,,0,,,0,,,0,,,0,
Coeur D'Alene Tribe,,,,,,5,,,,,,,,,,,,,,,,,,,,,,,,1,,,3,,,1,,,2,,,0,,,5,,,1,,,,,,0,,,4,,,0,,,0,,,0,,,0,,,0,,,0,,,0,,,1,,,3,,,1,,,0,,,0,,,4,,,0,,,,,,0,,,1,,,0,,,0,,,0,,,0,,,0,,,0,,,0,,,0,,,0,,,0,,,0,,,0,,,1,,,0,,,,,,0,,,4,,,0,,,0,,,0,,,0,,,0,,,0,,,0,,,0,,,0,,,0,,,0,,,0,,,4,,,0,,,0,,,0,,,3,,,0,,,0,,,0,,,0,,,0,,,0,,,0,,,0,,,0,,,0,,,0,,,0,,,0,,,0,,,0,,,0,,,3,,,0,,,,,,,,,,,,,,,,,,,,,,,,,,,,,,,,,,,,,,,,,,,,,,,,2,,,,,,,,,,,,,,,,,,0,,,,,,0,,,0,,,0,,,0,,,,,,2,,,,,,,,,0,,,4,,,,,,,,,,,,,,,,,,,,,,,,,,,,,,,,,,,,,,,,,,,,,,,,,,,2,,,,,,,,,,,,,,,,,,,,,,,,,,,,,,,,,,,,,,,,,,,,,,,,,,,0,,,0,,,0,,,0,,,0,,,0,,,0,,,0,,,0,,,0,,,0,,,0,,,0,,,0,,,0,,,0,,,0,,,2,,,0,,,0,,,0,,,0,,,0,,,0,,,0,,,0,,,0,,,0,,,0,,,0,,,0,,,0,,,0,,,0,
Colorado River Indian Community,,,,,,,,,,,,,,,,,,,,,,,,,,,,,,,,,,,,,,,,,,,,,,,,,,,,,,,,,0,,,0,,,0,,,0,,,0,,,0,,,0,,,0,,,0,,,0,,,0,,,0,,,0,,,0,,,0,,,,,,0,,,28,,,0,,,0,,,0,,,1,,,0,,,0,,,0,,,0,,,0,,,1,,,0,,,2,,,0,,,0,,,,,,2,,,8,,,0,,,0,,,0,,,1,,,0,,,1,,,0,,,1,,,1,,,3,,,3,,,0,,,4,,,0,,,0,,,0,,,19,,,,,,,,,,,,,,,,,,,,,,,,,,,,,,,,,,,,0,,,,,,,,,,,,,,,19,,,0,,,,,,,,,,,,,,,,,,,,,,,,,,,,,,,,,,,,,,,,,,,,,,,,7,,,,,,,,,,,,,,,,,,0,,,,,,0,,,0,,,0,,,0,,,,,,0,,,,,,,,,0,,,31,,,,,,,,,,,,,,,,,,,,,,,,,,,,,,,,,,,,,,,,,,,,,,,,,,,25,,,,,,,,,,,,,,,,,,,,,,,,,,,,,,,,,,,,,,,,,,,,,,,,,,,26,,,0,,,0,,,0,,,0,,,0,,,0,,,0,,,0,,,0,,,0,,,0,,,0,,,0,,,0,,,0,,,0,,,0,,,0,,,0,,,0,,,0,,,0,,,0,,,0,,,0,,,0,,,0,,,0,,,0,,,0,,,0,,,0,,,0,
Confederated Salish and Kootenai Tribes ,,,,,,0,,,,,,,,,,,,,,,,,,,,,,,,,,,,,,,,,,,,,,,,,,,,,,,,,,,26,,,0,,,2,,,5,,,3,,,3,,,26,,,0,,,3,,,5,,,1,,,1,,,0,,,26,,,1,,,,,,0,,,7,,,0,,,0,,,0,,,0,,,0,,,0,,,0,,,0,,,0,,,0,,,0,,,0,,,7,,,0,,,,,,0,,,5,,,0,,,0,,,0,,,0,,,0,,,0,,,0,,,0,,,0,,,0,,,0,,,0,,,0,,,0,,,0,,,0,,,5,,,,,,0,,,0,,,0,,,0,,,0,,,0,,,0,,,0,,,0,,,0,,,0,,,0,,,0,,,0,,,0,,,5,,,0,,,,,,,,,,,,,,,,,,,,,,,,,,,,,,,,,,,,7,,,,,,,,,,,,8,,,,,,,,,,,,,,,,,,0,,,,,,2,,,9,,,5,,,7,,,,,,0,,,,,,,,,0,,,2,,,,,,,,,,,,,,,,,,,,,,,,,,,,,,,,,,,,,,,,,,,,,,,,,,,3,,,,,,,,,,,,,,,,,,,,,,,,,,,,,,,,,,,,,,,,,,,,,,,,,,,0,,,0,,,0,,,0,,,0,,,0,,,0,,,0,,,0,,,0,,,0,,,0,,,0,,,0,,,0,,,0,,,0,,,0,,,0,,,0,,,0,,,0,,,0,,,0,,,0,,,0,,,0,,,0,,,0,,,0,,,0,,,0,,,0,,,0,
Shoshone Paiute of the Duck Valley,,,,,,,,,,,,,,,,,,,,,,,,,,,,,,,,,,,,,,,,,,,,,,,,,,,,,,,,,0,,,0,,,0,,,0,,,1,,,0,,,0,,,0,,,0,,,0,,,0,,,0,,,0,,,0,,,0,,,,,,0,,,0,,,0,,,0,,,0,,,0,,,0,,,0,,,0,,,0,,,0,,,0,,,0,,,0,,,0,,,0,,,,,,0,,,0,,,0,,,0,,,0,,,0,,,0,,,0,,,0,,,0,,,0,,,0,,,0,,,0,,,0,,,0,,,0,,,0,,,0,,,0,,,0,,,0,,,0,,,0,,,0,,,0,,,0,,,0,,,0,,,0,,,0,,,0,,,0,,,0,,,0,,,,,,,,,,,,,,,,,,,,,,,,,,,,,,,,,,,,,,,,,,,,,,,,,,,,,,0,,,,,,,,,,,,,,,,,,0,,,,,,0,,,0,,,0,,,0,,,,,,0,,,,,,,,,0,,,,,,,,,,,,,,,,,,,,,,,,,,,,,,,,,,,,,,,,,,,,,,,,,,,,,,,,,,,,,,,,,,,,,,,,,,,,,,,,,,,,,,,,,,,,,,,,,,,,,,,,,0,,,0,,,0,,,0,,,0,,,0,,,0,,,0,,,0,,,0,,,0,,,0,,,0,,,0,,,0,,,0,,,0,,,0,,,0,,,0,,,0,,,0,,,0,,,0,,,0,,,0,,,0,,,0,,,0,,,0,,,0,,,0,,,0,,,0,
Fort Peck Assiniboine and Sioux Tribe,,,,,,,,,,,,,,,,,,,,,,,,,,,,,,,,,,,,,,,,,,,,,,,,,,,,,,,,,0,,,,,,,,,,,,,,,,,,,,,,,,,,,,,,,,,0,,,0,,,0,,,0,,,,,,0,,,0,,,,,,,,,,,,,,,,,,,,,,,,,,,,,,,,,0,,,0,,,0,,,0,,,,,,0,,,0,,,,,,,,,,,,,,,,,,,,,,,,,,,,,,,,,0,,,0,,,0,,,0,,,0,,,0,,,10,,,0,,,0,,,0,,,0,,,0,,,0,,,0,,,0,,,0,,,0,,,0,,,0,,,0,,,0,,,0,,,0,,,10,,,0,,,,,,,,,,,,,,,,,,,,,,,,,,,,,,,,,,,,,,,,,,,,,,,,,,,,,,,,,,,,,,,,,,,,,,,,,,,,,,,,,,,,,,,,,,,,,,,,,,,17,,,,,,,,,,,,,,,,,,,,,,,,,,,,,,,,,,,,,,,1,,,,,,,,,,,,,,,,,,,,,,,,,,,,,,,,,,,,,,,,,,,,,,,,,,,,,,,,,,,,,,,0,,,0,,,0,,,0,,,0,,,0,,,0,,,0,,,0,,,0,,,0,,,0,,,0,,,0,,,0,,,0,,,0,,,1,,,0,,,0,,,0,,,0,,,0,,,0,,,0,,,0,,,0,,,0,,,0,,,0,,,0,,,0,,,0,,,0,
Gila River Indian Community ,,,,,,10,,,,,,,,,,,,1,,,,,,1,,,,,,,,,,,,,,,1,,,,,,,,,,,,,,,,,,3,,,0,,,0,,,0,,,0,,,0,,,0,,,0,,,0,,,0,,,0,,,0,,,0,,,0,,,0,,,,,,0,,,5,,,0,,,0,,,0,,,0,,,0,,,1,,,0,,,0,,,0,,,0,,,0,,,0,,,0,,,1,,,,,,0,,,2,,,0,,,0,,,0,,,0,,,0,,,1,,,0,,,1,,,0,,,0,,,0,,,0,,,0,,,0,,,0,,,0,,,14,,,0,,,0,,,3,,,2,,,0,,,1,,,0,,,1,,,4,,,8,,,7,,,1,,,0,,,1,,,0,,,1,,,14,,,0,,,,,,,,,1,,,,,,,,,,,,,,,,,,2,,,3,,,,,,,,,1,,,,,,3,,,12,,,,,,,,,,,,,,,,,,1,,,,,,0,,,9,,,0,,,4,,,,,,0,,,,,,,,,3,,,12,,,,,,,,,,,,1,,,,,,1,,,,,,,,,5,,,3,,,7,,,,,,,,,,,,,,,7,,,,,,,,,,,,,,,,,,,,,,,,,,,,,,,,,,,,,,,,,,,,,,,,,,,,,,0,,,0,,,0,,,0,,,0,,,0,,,0,,,0,,,0,,,0,,,0,,,0,,,0,,,0,,,0,,,0,,,0,,,5,,,0,,,0,,,0,,,0,,,0,,,0,,,0,,,0,,,0,,,1,,,1,,,0,,,0,,,0,,,0,,,1,
Navajo Nation ,,,,,,3,,,,,,,,,,,,,,,,,,,,,,,,,,,,,,,,,,,,,,,,,,,,,,,,,,,0,,,0,,,0,,,0,,,0,,,0,,,0,,,0,,,0,,,0,,,0,,,0,,,0,,,0,,,0,,,,,,0,,,5,,,0,,,0,,,0,,,0,,,0,,,0,,,0,,,0,,,0,,,0,,,0,,,0,,,0,,,0,,,,,,0,,,5,,,0,,,0,,,0,,,0,,,0,,,0,,,0,,,0,,,0,,,0,,,0,,,0,,,0,,,0,,,0,,,0,,,5,,,,,,,,,,,,,,,,,,,,,,,,,,,,,,,,,,,,,,,,,,,,,,,,,,,5,,,,,,,,,,,,,,,,,,,,,,,,,,,,,,,,,,,,,,,,,,,,,,,,,,,4,,,,,,,,,,,,,,,,,,0,,,,,,0,,,0,,,0,,,0,,,,,,0,,,,,,,,,0,,,3,,,,,,,,,,,,,,,,,,,,,,,,,,,,,,,,,,,,,,,,,,,,,,,,,,,4,,,,,,,,,,,,,,,,,,,,,,,,,,,,,,,,,,,,,,,,,,,,,,,,,,,1,,,0,,,0,,,0,,,0,,,0,,,0,,,0,,,0,,,0,,,0,,,0,,,0,,,0,,,0,,,0,,,0,,,0,,,0,,,0,,,0,,,0,,,0,,,0,,,0,,,0,,,0,,,0,,,0,,,0,,,0,,,0,,,0,,,0,
Oglala Lakota Nation,,,,,,0,,,,,,,,,,,,,,,,,,,,,,,,,,,,,,,,,0,,,0,,,0,,,0,,,,,,0,,,0,,,0,,,0,,,0,,,0,,,0,,,0,,,0,,,0,,,0,,,0,,,0,,,0,,,0,,,0,,,,,,0,,,,,,0,,,0,,,0,,,0,,,0,,,0,,,0,,,0,,,0,,,0,,,,,,,,,,,,,,,,,,,,,,,,0,,,0,,,0,,,0,,,0,,,0,,,0,,,0,,,0,,,0,,,,,,,,,,,,,,,,,,,,,0,,,0,,,0,,,0,,,0,,,0,,,0,,,0,,,0,,,0,,,0,,,0,,,0,,,0,,,0,,,0,,,0,,,0,,,,,,,,,,,,,,,,,,,,,,,,,,,,,,,,,,,,,,,,,,,,,,,,,,,1,,,,,,,,,,,,,,,,,,,,,,,,0,,,0,,,0,,,0,,,,,,0,,,,,,,,,,,,,,,,,,,,,,,,,,,,,,,,,,,,,,,,,,,,,,,,,,,,,,,,,,,,,,,,,,,,,,,,,,,,,,,,,,,,,,,,,,,,,,,,,,,,,,,,,,,,,,,,,,0,,,0,,,0,,,0,,,0,,,0,,,0,,,0,,,0,,,0,,,0,,,0,,,0,,,0,,,0,,,0,,,0,,,0,,,0,,,0,,,0,,,0,,,0,,,0,,,0,,,0,,,0,,,0,,,0,,,0,,,0,,,0,,,0,,,0,
Quechan Tribe,,,,,,5,,,,,,,,,,,,,,,,,,,,,,,,,,,,,,,,,0,,,0,,,0,,,0,,,,,,0,,,0,,,0,,,0,,,0,,,0,,,0,,,0,,,0,,,0,,,0,,,0,,,0,,,0,,,0,,,0,,,,,,0,,,0,,,0,,,0,,,0,,,0,,,0,,,0,,,0,,,0,,,0,,,0,,,0,,,0,,,0,,,0,,,,,,0,,,0,,,0,,,0,,,0,,,0,,,0,,,0,,,0,,,0,,,0,,,0,,,0,,,0,,,0,,,0,,,0,,,0,,,2,,,,,,,,,,,,,,,,,,,,,,,,,,,,,,,,,,,,,,,,,,,,,,,,,,,2,,,,,,,,,,,,,,,,,,,,,,,,,,,,,,,,,,,,,,,,,,,,,,,,,,,,,,,,,,,,,,,,,,,,,,,,,,,,,,,,,,,,,,,,,,,,,,,,,,,,,,0,,,,,,,,,,,,,,,,,,,,,,,,,,,,,,,,,,,,,,,,,,,,,,,,,,,18,,,,,,,,,,,,,,,,,,,,,,,,,,,2,,,,,,2,,,,,,,,,,,,,,,,,,10,,,0,,,0,,,0,,,0,,,0,,,0,,,0,,,0,,,0,,,0,,,0,,,0,,,0,,,0,,,0,,,0,,,5,,,0,,,0,,,0,,,0,,,0,,,0,,,0,,,0,,,0,,,0,,,0,,,0,,,0,,,0,,,0,,,0,
Salt River Pima Maricopa Indian Community ,,,,,,,,,,,,,,,,,,,,,,,,,,,,,,,,,,,,,,,,,,,,,,,,,,,,,,,,,3,,,0,,,0,,,0,,,0,,,0,,,0,,,0,,,0,,,0,,,0,,,0,,,0,,,0,,,0,,,,,,0,,,3,,,0,,,0,,,0,,,0,,,0,,,0,,,0,,,0,,,0,,,0,,,0,,,0,,,0,,,0,,,,,,0,,,101,,,0,,,0,,,0,,,0,,,0,,,0,,,0,,,5,,,0,,,1,,,5,,,0,,,0,,,1,,,0,,,0,,,3,,,0,,,,,,0,,,0,,,0,,,0,,,0,,,0,,,0,,,0,,,0,,,0,,,,,,0,,,0,,,0,,,3,,,,,,,,,,,,,,,,,,,,,,,,,,,,,,,,,,,,,,,,,,,,,,,,,,,3,,,,,,,,,,,,,,,,,,0,,,,,,0,,,0,,,0,,,0,,,,,,0,,,,,,,,,0,,,,,,,,,,,,,,,,,,,,,,,,,,,,,,,,,,,,,,,,,,,,,,,,,,,,,,2,,,,,,,,,,,,,,,,,,,,,,,,,,,,,,,,,,,,,,,,,,,,,,,,,,,2,,,0,,,0,,,0,,,0,,,0,,,0,,,0,,,0,,,0,,,0,,,0,,,0,,,0,,,0,,,0,,,0,,,2,,,0,,,0,,,0,,,0,,,0,,,0,,,0,,,0,,,0,,,0,,,0,,,0,,,0,,,0,,,0,,,0,
Standing Rock Sioux Tribe,,,,,,0,,,,,,,,,,,,,,,,,,,,,,,,,,,,,,,,,0,,,0,,,0,,,0,,,,,,0,,,0,,,0,,,0,,,0,,,0,,,0,,,0,,,0,,,0,,,0,,,0,,,0,,,0,,,0,,,0,,,,,,0,,,0,,,0,,,0,,,0,,,0,,,0,,,0,,,0,,,0,,,0,,,0,,,0,,,0,,,0,,,0,,,,,,0,,,25,,,0,,,0,,,0,,,0,,,0,,,0,,,0,,,0,,,0,,,0,,,0,,,0,,,0,,,0,,,0,,,0,,,22,,,0,,,0,,,,,,0,,,0,,,0,,,0,,,0,,,0,,,0,,,0,,,0,,,0,,,0,,,0,,,0,,,22,,,,,,,,,,,,,,,,,,,,,,,,,,,,,,,,,,,,,,,,,,,,,,,,,,,23,,,,,,,,,,,,,,,,,,0,,,,,,0,,,0,,,0,,,0,,,,,,0,,,,,,,,,0,,,0,,,,,,,,,,,,,,,,,,,,,,,,,,,,,,,,,,,,,,,,,,,,,,,,,,,,,,,,,,,,,,,,,,,,,,,,,,,,,,,,,,,,,,,,,,,,,,,,,,,,,,1,,,0,,,0,,,0,,,0,,,0,,,0,,,0,,,0,,,0,,,0,,,0,,,0,,,0,,,0,,,0,,,0,,,0,,,0,,,0,,,0,,,0,,,0,,,0,,,0,,,0,,,0,,,0,,,0,,,0,,,0,,,0,,,0,,,0,
Three Affiliated Tribes  ,,,,,,0,,,,,,,,,,,,,,,,,,,,,,,,,,,,,,,,,0,,,0,,,0,,,0,,,,,,0,,,18,,,0,,,0,,,0,,,0,,,0,,,0,,,0,,,0,,,0,,,0,,,0,,,0,,,0,,,0,,,,,,0,,,0,,,0,,,0,,,0,,,0,,,0,,,0,,,0,,,0,,,0,,,0,,,0,,,0,,,0,,,0,,,,,,0,,,15,,,0,,,0,,,0,,,0,,,0,,,0,,,0,,,0,,,0,,,0,,,0,,,0,,,0,,,3,,,0,,,0,,,10,,,0,,,0,,,0,,,0,,,0,,,0,,,0,,,0,,,0,,,0,,,0,,,0,,,0,,,,,,0,,,0,,,10,,,0,,,,,,,,,,,,,,,,,,,,,,,,,,,,,,,,,,,,,,,,,,,,,,,,12,,,,,,,,,,,,,,,,,,0,,,,,,0,,,0,,,0,,,0,,,,,,0,,,,,,,,,,,,4,,,,,,,,,,,,,,,,,,,,,,,,,,,,,,,,,,,,,,,,,,,,,,,,,,,,,,,,,,,,,,,,,,,,,,,,,,,,,,,,,,,,,,,,,,,,,,,,,,,,,,0,,,0,,,0,,,0,,,0,,,0,,,0,,,0,,,0,,,0,,,0,,,0,,,0,,,0,,,0,,,0,,,0,,,0,,,0,,,0,,,0,,,0,,,0,,,0,,,0,,,0,,,0,,,0,,,0,,,0,,,0,,,0,,,0,,,0,
White Earth Nation,,,,,,0,,,,,,,,,,,,,,,,,,,,,,,,,,,,,,,,,0,,,0,,,0,,,0,,,,,,0,,,0,,,0,,,0,,,0,,,0,,,0,,,0,,,0,,,0,,,0,,,0,,,0,,,0,,,0,,,0,,,,,,0,,,0,,,0,,,0,,,0,,,0,,,0,,,0,,,0,,,0,,,0,,,0,,,0,,,0,,,0,,,0,,,,,,0,,,0,,,0,,,0,,,0,,,0,,,0,,,0,,,0,,,0,,,0,,,0,,,0,,,0,,,0,,,0,,,0,,,0,,,0,,,0,,,0,,,0,,,0,,,0,,,0,,,0,,,0,,,0,,,0,,,0,,,0,,,0,,,0,,,0,,,0,,,0,,,0,,,,,,,,,,,,,,,,,,,,,,,,,,,,,,,,,,,,,,,,,,,,,,,,0,,,,,,,,,,,,,,,,,,0,,,,,,0,,,0,,,0,,,,,,,,,,,,,,,,,,,,,2,,,,,,,,,,,,,,,,,,,,,,,,,,,,,,,,,,,,,,,,,,,,,,,,,,,,,,,,,,,,,,,,,,,,,,,,,,,,,,,,,,,,,,,,,,,,,,,,,,,,,,0,,,0,,,0,,,0,,,0,,,0,,,0,,,0,,,0,,,0,,,0,,,0,,,0,,,0,,,0,,,0,,,0,,,0,,,0,,,0,,,0,,,0,,,0,,,0,,,0,,,0,,,0,,,0,,,0,,,0,,,0,,,0,,,0,,,0,
Yakama Nation,,,,,,9,,,,,,,,,,,,,,,,,,,,,,,,,,,,,,,,,,,,,,,,,,,,,,,,,,,4,,,0,,,0,,,0,,,0,,,0,,,0,,,0,,,0,,,1,,,0,,,0,,,0,,,3,,,0,,,,,,0,,,6,,,0,,,0,,,0,,,1,,,0,,,0,,,0,,,0,,,0,,,1,,,0,,,0,,,1,,,0,,,,,,0,,,4,,,0,,,0,,,0,,,0,,,0,,,0,,,0,,,0,,,0,,,0,,,0,,,0,,,0,,,0,,,0,,,0,,,7,,,0,,,0,,,0,,,,,,0,,,0,,,0,,,0,,,0,,,0,,,0,,,0,,,0,,,0,,,0,,,0,,,7,,,0,,,,,,,,,,,,,,,,,,,,,,,,,,,,,,0,,,,,,2,,,,,,,,,,,,8,,,,,,,,,,,,,,,,,,0,,,,,,0,,,0,,,0,,,0,,,,,,0,,,,,,,,,0,,,10,,,,,,,,,,,,,,,,,,,,,,,,,,,,,,,,,,,,,,,,,,,,,,,,,,,2,,,,,,,,,,,,,,,,,,,,,,,,,,,,,,,,,,,,,,,,,,,,,,,,,,,6,,,0,,,0,,,0,,,0,,,0,,,0,,,0,,,0,,,0,,,0,,,0,,,0,,,0,,,0,,,0,,,0,,,0,,,0,,,0,,,0,,,0,,,0,,,0,,,0,,,0,,,0,,,0,,,0,,,0,,,0,,,0,,,0,,,0,
Inter Tribal Council of Arizona,,,,,,,,,,,,,,,,,,,,,,,,,,,,,,,,,,,,,,,,,,,,,,,,,,,,,,,,,,,,,,,,,,,,,,,,,,,,,,,,,,,,,,,,,,,,,,,,,,,,,,,,,,,,,,,,,,,,,,,,,,,,,,,,,,,,,,,,,,,,,,,,,,,,,,,,,,,,,,,,,,,,,,,,,,,,,,,,,,,,,,,,,,,,,,,,,,,,,,,,,,,,,,,,,,,,,,,,,,,,,,,,,,,,,,,,,,,,,,,,,,,,,,,,,,,,,,,,,,,,,,,,,,,,,,,,,,,,,,,,,,,,,,,,,,,,,,,,,,,,,,,,,,,,,,,,,,,,,,,,,,,,,,,,,,,,,,,,,,,,,,,,,,,,,,,,,,,,,,,,,,,,,,,,,,,,,,,,,,,,,,,,,,,,,,,,,,,,,,,,,,,,,,,,,,,,,,,,,,,,,,,,,,,,,,,,,,,,,,,,,,,,,,,,,,,,,,,,,,,,,,,,,0,,,0,,,0,,,0,,,0,,,0,,,0,,,0,,,0,,,0,,,0,,,0,,,0,,,0,,,0,,,0,,,0,,,0,,,0,,,0,,,0,,,0,,,0,,,0,,,0,,,0,,,0,,,0,,,0,,,0,,,0,,,0,,,0,,,0,
